Status,Store code,Business name,Address line 1,Address line 2,Address line 3,Address line 4,Address line 5,Sub-locality,Locality,Administrative area,Country / Region,Postal code,Primary phone,Additional phones,Website,Primary category,Additional categories,Sunday hours,Monday hours,Tuesday hours,Wednesday hours,Thursday hours,Friday hours,Saturday hours,Special hours,From the business,Opening date,Labels,AdWords location extensions phone,Accessibility: Assisted listening devices (has_assisted_listening_devices),Accessibility: Assistive hearing loop (has_hearing_loop),Accessibility: Auracast broadcast audio (has_auracast_broadcast_audio),Accessibility: Wheelchair accessible entrance (has_wheelchair_accessible_entrance),Accessibility: Wheelchair accessible parking lot (has_wheelchair_accessible_parking),Accessibility: Wheelchair accessible restroom (has_wheelchair_accessible_restroom),Accessibility: Wheelchair accessible seating (has_wheelchair_accessible_seating),Amenities: Gender-neutral restroom (has_restroom_unisex),Children: Discounts for kids (has_discounts_for_kids),Children: Family discount (has_discounts_for_families),Children: Has changing table(s) (has_changing_tables),Children: Nursing room (has_lactation_space),Crowd: LGBTQ+ friendly (welcomes_lgbtq),Crowd: Transgender safespace (is_transgender_safespace),From the business: Identifies as Asian-owned (is_owned_by_asian),From the business: Identifies as Black-owned (is_black_owned),From the business: Identifies as Indigenous-owned (is_owned_by_indigenous),From the business: Identifies as LGBTQ+ owned (is_owned_by_lgbtq),From the business: Identifies as Latino-owned (is_owned_by_latinx),From the business: Identifies as disabled-owned (is_owned_by_disability),From the business: Identifies as veteran-owned (is_owned_by_veterans),From the business: Identifies as women-owned (is_owned_by_women),Parking: Free parking garage (has_parking_garage_free),Parking: Free parking lot (has_parking_lot_free),Parking: Free street parking (has_parking_street_free),Parking: On-site parking (has_onsite_parking),Parking: Paid parking garage (has_parking_garage_paid),Parking: Paid parking lot (has_parking_lot_paid),Parking: Paid street parking (has_parking_street_paid),Payments: Cash-only (requires_cash_only),Payments: Checks (pay_check),Payments: Credit cards (pay_credit_card),Payments: Credit cards (pay_credit_card_types_accepted): American Express (american_express),Payments: Credit cards (pay_credit_card_types_accepted): China Union Pay (china_union_pay),Payments: Credit cards (pay_credit_card_types_accepted): Diners Club (diners_club),Payments: Credit cards (pay_credit_card_types_accepted): Discover (discover),Payments: Credit cards (pay_credit_card_types_accepted): JCB (jcb),Payments: Credit cards (pay_credit_card_types_accepted): MasterCard (mastercard),Payments: Credit cards (pay_credit_card_types_accepted): VISA (visa),Payments: Debit cards (pay_debit_card),Payments: NFC mobile payments (pay_mobile_nfc),Place page URLs: Appointment links (url_appointment),Place page URLs: Facebook (url_facebook),Place page URLs: Instagram (url_instagram),Place page URLs: Linkedin (url_linkedin),Place page URLs: Pinterest (url_pinterest),Place page URLs: Texting number (url_text_messaging),Place page URLs: Tiktok (url_tiktok),Place page URLs: WhatsApp (url_whatsapp),Place page URLs: X (Twitter) (url_twitter),Place page URLs: Youtube (url_youtube),Place page attributes: Primary chat (preferred_messaging_service),Planning: Appointment required (requires_appointments),Service options: Online classes (offers_online_classes),Service options: Onsite services (has_onsite_services)
Published,Mesa,Aqua-Tots Swim School Mesa,1122 S. Greenfield Rd.,,,,,,Mesa,AZ,US,85206,(480) 649-8687,,https://www.aqua-tots.com/mesa?utm_source=Google&utm_medium=Organic&utm_campaign=LocalSEO,Swimming school,"Swim club,Swimming pool,Swimwear store,Swimming facility,Swimming instructor,Baby swimming school,Indoor swimming pool",,08:00-19:00,08:00-19:00,08:00-19:00,08:00-19:00,08:00-19:00,08:00-13:00,"2026-07-04: x, 2026-09-07: x","Aqua-Tots Swim School in Mesa provides year-round swimming lessons for kids of all ages, including swim lessons for babies and toddlers. Our world-renowned swimming instruction and 'safety first, fun every second' approach features certified swim instructors, a family-friendly environment, and state-of-the-art facility with a cozy 90° pool. Aqua-Tots serves more than 150 communities worldwide and is trusted by parents to teach five million swim lessons every year. Since 1991, we've been committed to a legacy of safety; please visit our website to learn more about swim lessons for children at Aqua-Tots.",,aqua-tots,+1 480-649-8687,,,,Yes,Yes,Yes,,Yes,,,,,Yes,Yes,,,,,,,,,,,,,,,,No,,Yes,,,,,,Yes,,Yes,Yes,https://www.aqua-tots.com/sign-up/?utm_source=GBP&utm_medium=Appointment&utm_campaign=Aqua-Tots%2520Swim%2520School%2520Mesa,https://www.facebook.com/AquaTotsMesa/,https://www.instagram.com/aquatots_mesaaz/,,https://www.pinterest.com/aquatotsswimschool/,,https://www.tiktok.com/@aquatotsmesa,,,https://www.youtube.com/@aquatots,,,No,
Published,299,Aqua-Tots Swim School Rama3,Bang Phong Phang Sub-district,,,,,Bang Phong Phang,Yan Nawa,Bangkok,TH,10120,,,,Swimming school,"Swimming instructor,Swim club,Swimming pool,Swimwear store,Swimming facility,Baby swimming school,Public swimming pool",,,,,,,,,"Aqua-Tots Swim School in Yan Nawa provides year-round swimming lessons for kids of all ages, including swim lessons for babies and toddlers. Our world-renowned swimming instruction and “safety first, fun every second” approach features certified swim instructors, a family-friendly environment, and state-of-the-art facility with a cozy, indoor pool. Aqua-Tots serves more than 150 communities worldwide and is trusted by parents to teach five million swim lessons every year. Since 1991, we’ve been committed to a legacy of safety; please visit our website to learn more about swim lessons for children at Aqua-Tots.",,,,,,,,,Yes,Yes,Yes,,,,,,,[NOT APPLICABLE],[NOT APPLICABLE],[NOT APPLICABLE],[NOT APPLICABLE],[NOT APPLICABLE],[NOT APPLICABLE],[NOT APPLICABLE],,,,,,,,,No,,Yes,,,,,,Yes,,Yes,,,https://www.facebook.com/AquaTotsRama3/,https://www.instagram.com/AquaTotsRama3/,,,[NOT APPLICABLE],,[NOT APPLICABLE],,,,,No,Yes
Published,Mansfield,Aqua-Tots Swim School Mansfield,1551 U.S. 287 Frontage Road,,,,,,Mansfield,TX,US,76063,(817) 953-8687,,https://www.aqua-tots.com/mansfield/?utm_source=Google&utm_medium=Organic&utm_campaign=LocalSEO,Swimming school,"Swim club,Swimwear store,Swimming facility,Swimming instructor,Baby swimming school,Indoor swimming pool",,09:00-19:30,09:30-19:30,09:30-19:30,09:00-19:30,09:00-19:30,09:00-13:30,2026-09-07: x,"Aqua-Tots Swim School in Mansfield provides year-round swimming lessons for kids of all ages, including swim lessons for babies and toddlers. Our world-renowned swimming instruction and 'safety first, fun every second' approach features certified swim instructors, a family-friendly environment, and state-of-the-art facility with a cozy 90° pool. Aqua-Tots serves more than 150 communities worldwide and is trusted by parents to teach five million swim lessons every year. Since 1991, we've been committed to a legacy of safety; please visit our website to learn more about swim lessons for children at Aqua-Tots.",,aqua-tots,+1 817-953-8687,,,,Yes,Yes,Yes,,,,,,,,,,,,,,,,,,,,,,,,No,,Yes,,,,,,Yes,,Yes,Yes,https://www.aqua-tots.com/sign-up/?utm_source=GBP&utm_medium=Appointment&utm_campaign=Aqua-Tots%2520Swim%2520School%2520Mansfield,https://www.facebook.com/AquaTotsMansfield/,https://www.instagram.com/aquatots_mansfield/,,https://www.pinterest.com/aquatotsswimschool/,,https://www.tiktok.com/@aquatots_mansfield,,,https://www.youtube.com/@aquatots,,,No,Yes
Published,Sterling,Aqua-Tots Swim School Sterling,45591 Dulles Eastern Plaza,,,,,,Sterling,VA,US,20166,(571) 520-2201,,https://www.aqua-tots.com/sterling/?utm_source=Google&utm_medium=Organic&utm_campaign=LocalSEO&utm_source=google&utm_medium=organic&utm_campaign=local-seo,Swimming school,"Swim club,Swimming pool,Swimwear store,Swimming facility,Swimming instructor,Baby swimming school,Public swimming pool",09:00-13:00,"09:00-12:00, 16:00-19:30","09:00-13:30, 16:00-19:30",16:00-19:30,"09:00-13:30, 16:00-19:30",,09:00-17:00,"2026-07-02: x, 2026-07-03: x, 2026-07-04: x, 2026-07-05: x","Aqua-Tots Swim School in Sterling provides year-round swimming lessons for kids of all ages, including swim lessons for babies and toddlers. Our world-renowned swimming instruction and ""safety first, fun every second"" approach features certified swim instructors, a family-friendly environment, and state-of-the-art facility with a cozy 90° pool. Aqua-Tots serves more than 150 communities worldwide and is trusted by parents to teach five million swim lessons every year. Since 1991, we've been committed to a legacy of safety; please visit our website to learn more about swim lessons for children at Aqua-Tots.",,aqua-tots,,,,,Yes,Yes,,,,,,,,,,,,,,,,,,,,,Yes,,,,No,,Yes,,,,,,,,Yes,Yes,https://www.aqua-tots.com/sign-up/?utm_source=GBP&utm_medium=Appointment&utm_campaign=Aqua-Tots%2520Swim%2520School%2520Sterling,https://www.facebook.com/AquaTotsSterling,https://www.instagram.com/aquatotssterling/,,https://www.pinterest.com/aquatotsswimschool/,,https://www.tiktok.com/@aquatotssterling,,,https://www.youtube.com/@aquatots,,,No,
Published,289,Aqua-Tots Swim School Forsyth County,850 Peachtree Parkway,,,,,,Cumming,GA,US,30041,(470) 239-5948,,https://www.aqua-tots.com/forsyth-county?utm_source=Google&utm_medium=Organic&utm_campaign=LocalSEO,Swimming school,"Swim club,Swimming pool,Swimwear store,Swimming facility,Swimming instructor,Baby swimming school,Public swimming pool",10:00-14:00,09:00-20:00,09:00-20:00,12:00-20:00,09:00-20:00,09:00-20:00,08:00-17:00,2026-09-07: x,"Aqua-Tots Swim School in Cumming provides year-round swimming lessons for kids of all ages, including swim lessons for babies and toddlers. Our world-renowned swimming instruction and ""safety first, fun every second"" approach features certified swim instructors, a family-friendly environment, and state-of-the-art facility with a cozy 90° pool. Aqua-Tots serves more than 150 communities worldwide and is trusted by parents to teach five million swim lessons every year. Since 1991, we've been committed to a legacy of safety; please visit our website to learn more about swim lessons for children at Aqua-Tots.",,aqua-tots,,,,,Yes,Yes,Yes,Yes,,,,,,,,,,,,,,,,,Yes,,Yes,,,,No,,Yes,,,,,,,,Yes,Yes,https://www.aqua-tots.com/sign-up/?utm_source=GBP&utm_medium=Appointment&utm_campaign=Aqua-Tots%2520Swim%2520School%2520Forsyth%2520County,https://www.facebook.com/AquaTotsSwimSchools/,https://www.instagram.com/aquatotsofficial/,,https://www.pinterest.com/aquatotsswimschool/,,,,,https://www.youtube.com/@aquatots,,,No,Yes
Published,Portage,Aqua-Tots Swim School Portage,7113 S Westnedge Ave.,,,,,,Portage,MI,US,49002,(269) 230-4040,,https://www.aqua-tots.com/portage/?utm_source=Google&utm_medium=Organic&utm_campaign=LocalSEO,Swimming school,"Swim club,Swimming pool,Swimwear store,Swimming facility,Swimming instructor,Baby swimming school",09:00-14:00,10:00-20:00,10:00-20:00,10:00-14:00,10:00-20:00,10:00-20:00,09:00-15:00,"2025-11-27: x, 2025-12-24: x, 2025-12-25: x, 2025-12-26: 10:00-14:00, 2025-12-27: 10:00-14:00, 2025-12-28: 10:00-14:00, 2025-12-29: 10:00-14:00, 2025-12-30: 10:00-14:00, 2025-12-31: x, 2026-01-01: x","Aqua-Tots Swim School in Portage provides year-round swimming lessons for kids of all ages, including swim lessons for babies and toddlers. Our world-renowned swimming instruction and 'safety first, fun every second' approach features certified swim instructors, a family-friendly environment, and state-of-the-art facility with a cozy 90° pool. Aqua-Tots serves more than 150 communities worldwide and is trusted by parents to teach five million swim lessons every year. Since 1991, we've been committed to a legacy of safety; please visit our website to learn more about swim lessons for children at Aqua-Tots.",,aqua-tots,,,,,Yes,Yes,Yes,Yes,,,,,,,,,,,,,,,Yes,,,,,,,,No,,Yes,,,,,,Yes,,Yes,Yes,https://www.aqua-tots.com/portage/sign-up/,https://www.facebook.com/AquaTotsPortage,https://www.instagram.com/aquatotswestmi/,,,sms:+12692304040,https://www.tiktok.com/@aquatotswestmi,,,https://www.youtube.com/@AquaTotsWestMi,Text message (text_messaging),,No,Yes
Published,Beavercreek,Aqua-Tots Swim School Beavercreek,2451 Lakeview Drive,,,,,,Beavercreek,OH,US,45431,(937) 200-1120,,https://www.aqua-tots.com/beavercreek?utm_source=Google&utm_medium=Organic&utm_campaign=LocalSEO,Swimming school,"Swim club,Swimming pool,Swimwear store,Swimming facility,Swimming instructor,Baby swimming school",08:30-15:30,09:00-20:15,09:00-20:00,09:00-20:00,09:00-20:00,,08:00-15:30,2026-09-07: x,"Aqua-Tots Swim School in Beavercreek provides year-round swimming lessons for kids of all ages, including swim lessons for babies and toddlers. Our world-renowned swimming instruction and 'safety first, fun every second' approach features certified swim instructors, a family-friendly environment, and state-of-the-art facility with a cozy 90° pool. Aqua-Tots serves more than 150 communities worldwide and is trusted by parents to teach five million swim lessons every year. Since 1991, we've been committed to a legacy of safety; please visit our website to learn more about swim lessons for children at Aqua-Tots.",,aqua-tots,(937) 200-1120,,,,Yes,Yes,Yes,Yes,Yes,,,,,,,,,,,,,No,Yes,,Yes,,,,,,No,,Yes,,,,,,Yes,,Yes,Yes,https://www.aqua-tots.com/sign-up/?utm_source=GBP&utm_medium=Appointment&utm_campaign=Aqua-Tots%2520Swim%2520School%2520Beavercreek,https://www.facebook.com/AquaTotsBeavercreek/,https://www.instagram.com/aquatotsbeavercreek/,,https://www.pinterest.com/aquatotsswimschool/,,https://www.tiktok.com/@aquatotsbeavercreek,,,https://www.youtube.com/@aquatots,,Yes,No,Yes
Published,228,Aqua-Tots Swim School Dearborn,24365 Michigan Ave.,,,,,,Dearborn,MI,US,48124,(313) 915-5655,,,Swimming school,"Swim club,Swimming pool,Swimwear store,Swimming facility,Swimming instructor,Baby swimming school,Indoor swimming pool",09:00-16:00,10:00-20:30,10:00-20:30,10:00-20:30,10:00-20:30,10:00-20:30,09:00-16:00,"2025-11-27: x, 2025-12-24: x, 2025-12-25: x, 2025-12-26: 10:00-14:00, 2025-12-27: 10:00-14:00, 2025-12-28: 10:00-14:00, 2025-12-29: 10:00-14:00, 2025-12-30: 10:00-14:00, 2025-12-31: x, 2026-01-01: x","Aqua-Tots Swim School in Dearborn provides year-round swimming lessons for kids of all ages, including swim lessons for babies and toddlers. Our world-renowned swimming instruction and 'safety first, fun every second' approach features certified swim instructors, a family-friendly environment, and state-of-the-art facility with a cozy 90° pool. Aqua-Tots serves more than 150 communities worldwide and is trusted by parents to teach five million swim lessons every year. Since 1991, we've been committed to a legacy of safety; please visit our website to learn more about swim lessons for children at Aqua-Tots.",,aqua-tots,,,,,Yes,Yes,,,,,,,,,,,,,,,,,,,,,,,,,No,,Yes,,,,,,Yes,,Yes,Yes,https://www.aqua-tots.com/sign-up/?utm_source=GBP&utm_medium=Appointment&utm_campaign=Aqua-Tots%2520Swim%2520School%2520Dearborn,https://www.facebook.com/AquaTotsDearborn,https://www.instagram.com/aquatotsmi/,,https://www.pinterest.com/aquatotsswimschool/,,https://www.tiktok.com/@aquatotsmi,,,https://www.youtube.com/channel/UCvKVHB54fl4jpx2Y4M9t1ZA,,,No,Yes
Published,Dubai,Aqua-Tots Swim School Dubai,12th Street,"Al Quoz Industrial Area 2, Ind. 2nd - Unit 29-30",,,,,,Dubai,AE,,058 516 3939,,https://www.aqua-tots.com/dubai/?utm_source=Google&utm_medium=Organic&utm_campaign=LocalSEO,Swimming school,"Swim club,Swimming pool,Swimwear store,Swimming facility,Swimming instructor,Baby swimming school,Public swimming pool",10:00-20:00,10:00-20:00,10:00-20:00,10:00-20:00,,10:00-20:00,10:00-20:00,"2026-03-19: x, 2026-03-20: x, 2026-03-21: x","Aqua-Tots Swim School in Al Quoz, Dubai, provides year-round swimming lessons for kids of all ages, including swim lessons for babies and toddlers. Our world-renowned swimming instruction and ""safety first, fun every second"" approach features certified swim instructors, a family-friendly environment, and state-of-the-art facility with a cozy 90° pool. Aqua-Tots serves more than 150 communities worldwide and is trusted by parents to teach five million swim lessons every year. Since 1991, we've been committed to a legacy of safety; please visit our website to learn more about swim lessons for children at Aqua-Tots",2025-12-01,,,,,,Yes,Yes,,,,,Yes,,,[NOT APPLICABLE],[NOT APPLICABLE],[NOT APPLICABLE],[NOT APPLICABLE],[NOT APPLICABLE],[NOT APPLICABLE],[NOT APPLICABLE],[NOT APPLICABLE],[NOT APPLICABLE],Yes,,Yes,,,,,,No,,Yes,,,,,,Yes,Yes,Yes,Yes,https://www.aqua-tots.com/sign-up/?utm_source=GBP&utm_medium=Appointment&utm_campaign=Aqua-Tots%2520Swim%2520School%2520Al%2520Quoz,https://www.facebook.com/AquaTotsDubai,https://www.instagram.com/AquaTotsDubai,,https://www.pinterest.com/aquatotsswimschool/,,,,,https://www.youtube.com/@aquatots,WhatsApp (whatsapp),,,
Published,Las Vegas,Aqua-Tots Swim School Las Vegas,7230 West Lake Mead Blvd,,,,,,Las Vegas,NV,US,89128,(702) 840-1032,,https://www.aqua-tots.com/las-vegas?utm_source=Google&utm_medium=Organic&utm_campaign=LocalSEO,Swimming school,"Swim club,Swimming pool,Swimwear store,Swimming facility,Swimming instructor",08:00-14:30,,08:30-19:30,14:00-19:30,08:30-19:30,08:30-19:00,08:00-14:00,,"Aqua-Tots Swim School in Las Vegas provides year-round swimming lessons for kids of all ages, including swim lessons for babies and toddlers. Our world-renowned swimming instruction and 'safety first, fun every second' approach features certified swim instructors, a family-friendly environment, and state-of-the-art facility with a cozy 90° pool. Aqua-Tots serves more than 150 communities worldwide and is trusted by parents to teach five million swim lessons every year. Since 1991, we've been committed to a legacy of safety; please visit our website to learn more about swim lessons for children at Aqua-Tots.",,aqua-tots,,,,,Yes,Yes,Yes,,,,,,,,,,,,,,,,,,,,,,,,No,,Yes,,,,,,Yes,,Yes,Yes,https://www.aqua-tots.com/sign-up/?utm_source=GBP&utm_medium=Appointment&utm_campaign=Aqua-Tots%2520Swim%2520School%2520Las%2520Vegas,https://www.facebook.com/AquaTotsLasVegas/,https://www.instagram.com/aquatotslasvegas/,,https://www.pinterest.com/aquatotsswimschool/,,https://www.tiktok.com/@aquatotslasvegas,,,https://www.youtube.com/@aquatots,,,No,Yes
Published,Mount Laurel,Aqua-Tots Swim School Mount Laurel,1102 Nixon Drive,,,,,,Mount Laurel,NJ,US,08054,(640) 223-6640,,https://www.aqua-tots.com/mount-laurel/?utm_source=Google&utm_medium=Organic&utm_campaign=LocalSEO,Swimming school,"Swim club,Swimming pool,Swimwear store,Swimming facility,Swimming instructor,Baby swimming school,Public swimming pool",08:30-13:00,12:00-20:00,09:00-20:00,09:00-20:00,12:00-20:00,09:00-20:00,08:30-17:00,"2026-06-19: x, 2026-07-03: x, 2026-07-04: x, 2026-07-05: x, 2026-09-05: x, 2026-09-06: x, 2026-09-07: x","Aqua-Tots Swim School in Mount Laurel provides year-round swimming lessons for kids of all ages, including swim lessons for babies and toddlers. Our world-renowned swimming instruction and 'safety first, fun every second' approach features certified swim instructors, a family-friendly environment, and state-of-the-art facility with a cozy 90° pool. Aqua-Tots serves more than 150 communities worldwide and is trusted by parents to teach five million swim lessons every year. Since 1991, we've been committed to a legacy of safety; please visit our website to learn more about swim lessons for children at Aqua-Tots.",,aqua-tots,,,,,Yes,Yes,Yes,Yes,,,Yes,,,,,,,,,,,,,,Yes,,Yes,,,,No,,Yes,,,,,,Yes,,Yes,Yes,https://www.aqua-tots.com/sign-up/?utm_source=GBP&utm_medium=Appointment&utm_campaign=Aqua-Tots%2520Swim%2520School%2520Mount%2520Laurel,https://www.facebook.com/AquaTotsMtLaurel,https://www.instagram.com/aquatots_mtlaurel/,,https://www.pinterest.com/aquatotsswimschool/,,https://www.tiktok.com/@aquatots.mt.laurel,,,https://www.youtube.com/@aquatots,,,No,Yes
Published,277,Aqua-Tots Swim School Gia Lâm,"PT-01, KĐT, Vinhomes Ocean Park",,,,,,Gia Lâm,Hanoi City,VN,12400,024 7100 0005,,https://www.aqua-tots.com/gia-lam/?utm_source=Google&utm_medium=GBP&utm_campaign=LocalSEO&utm_source=Google&utm_medium=Organic&utm_campaign=LocalSEO,Swimming school,"Swim club,Swimming pool,Swimwear store,Swimming facility,Swimming instructor,Baby swimming school,Public swimming pool",09:00-19:00,,09:00-19:00,09:00-19:00,09:00-19:00,09:00-19:00,09:00-19:00,2025-09-02: x,"Aqua-Tots Swim School in Gia Lâm provides year-round swimming lessons for kids of all ages, including swim lessons for babies and toddlers. Our world-renowned swimming instruction and “safety first, fun every second” approach features certified swim instructors, a family-friendly environment, and state-of-the-art facility with a cozy 90° pool. Aqua-Tots serves more than 150 communities worldwide and is trusted by parents to teach five million swim lessons every year. Since 1991, we’ve been committed to a legacy of safety; please visit our website to learn more about swim lessons for children at Aqua-Tots.",,,,,,,Yes,Yes,Yes,Yes,,,,,,,,[NOT APPLICABLE],[NOT APPLICABLE],[NOT APPLICABLE],[NOT APPLICABLE],[NOT APPLICABLE],[NOT APPLICABLE],[NOT APPLICABLE],,,,,,,,,,,,,,,,,,,,,https://www.aqua-tots.com/sign-up/?utm_source=GBP&utm_medium=Appointment&utm_campaign=Aqua-Tots%2520Swim%2520School%2520Gia%2520L%25C3%25A2m,https://www.facebook.com/AquaTotsGiaLam/,https://www.instagram.com/aquatotsofficial/,,https://www.pinterest.com/aquatotsswimschool/,[NOT APPLICABLE],,[NOT APPLICABLE],,https://www.youtube.com/@aquatots,,,,Yes
Published,Permanently Closed,Aqua-Tots Swim School North Scottsdale,"15111 N. Hayden Rd., Ste. 140",,,,,,Scottsdale,AZ,US,85260,(480) 818-9960,,https://www.aqua-tots.com/north-scottsdale/?utm_source=Google&utm_medium=GBP&utm_campaign=LocalSEO,Swimming school,"Swim club,Swimming pool,Swimwear store,Swimming facility,Swimming instructor,Baby swimming school",08:00-13:00,,08:30-19:00,08:30-19:00,13:00-19:00,08:30-19:00,08:00-13:00,"2025-05-24: x, 2025-05-25: x, 2025-05-26: x","Aqua-Tots Swim School in Scottsdale provides year-round swimming lessons for kids of all ages, including swim lessons for babies and toddlers. Our world-renowned swimming instruction and 'safety first, fun every second' approach features certified swim instructors, a family-friendly environment, and state-of-the-art facility with a cozy 90° pool. Aqua-Tots serves more than 150 communities worldwide and is trusted by parents to teach five million swim lessons every year. Since 1991, we've been committed to a legacy of safety; please visit our website to learn more about swim lessons for children at Aqua-Tots.",,aqua-tots,+1 480-499-5419,,,,Yes,Yes,Yes,,Yes,,,,,,,,,,,,,,,,,,,,,,No,,,,,,,,Yes,,Yes,,https://www.aqua-tots.com/sign-up/?utm_source=GBP&utm_medium=Appointment&utm_campaign=Aqua-Tots%2520Swim%2520School%2520North%2520Scottsdale,https://www.facebook.com/AquaTotsNorthScottsdale/,https://www.instagram.com/aquatots_northscottsdale/,,https://www.pinterest.com/aquatotsswimschool/,,,,,https://www.youtube.com/@aquatots,,,,Yes
Published,Matthews,Aqua-Tots Swim School Matthews,1709 Matthews Township Pkwy.,,,,,,Matthews,NC,US,28105,(704) 612-4672,,https://www.aqua-tots.com/matthews/?utm_source=Google&utm_medium=Organic&utm_campaign=LocalSEO,Swimming school,"Swim club,Swimming pool,Swimwear store,Swimming facility,Swimming instructor,Baby swimming school",08:30-14:00,10:15-20:00,09:00-19:45,12:00-19:45,12:00-19:45,09:00-20:00,08:30-14:00,2026-09-07: x,"Aqua-Tots Swim School in Matthews provides year-round swimming lessons for kids of all ages, including swim lessons for babies and toddlers. Our world-renowned swimming instruction and 'safety first, fun every second' approach features certified swim instructors, a family-friendly environment, and state-of-the-art facility with a cozy 90° pool. Aqua-Tots serves more than 150 communities worldwide and is trusted by parents to teach five million swim lessons every year. Since 1991, we've been committed to a legacy of safety; please visit our website to learn more about swim lessons for children at Aqua-Tots.",,aqua-tots,+1 704-612-4672,,,,Yes,Yes,Yes,,,,,,,,,,,,,,,,,,,,,,,,No,,Yes,,,,,,Yes,,Yes,Yes,https://www.aqua-tots.com/sign-up/?utm_source=GBP&utm_medium=Appointment&utm_campaign=Aqua-Tots%2520Swim%2520School%2520Matthews,https://www.facebook.com/AquaTotsMatthews/,https://www.instagram.com/aquatotsmatthews/,,https://www.pinterest.com/aquatotsswimschool/,,,,,https://www.youtube.com/@aquatots,,,No,Yes
Published,Strongsville,Aqua-Tots Swim School Strongsville,17792 Pearl Rd,,,,,,Strongsville,OH,US,44136,(440) 334-5447,,https://www.aqua-tots.com/strongsville/?utm_source=google&utm_medium=organic&utm_campaign=local-seo,Swimming school,"Swim club,Swimming pool,Swimwear store,Swimming facility,Swimming instructor,Baby swimming school,Public swimming pool",08:00-14:00,10:00-14:00,12:00-20:00,12:00-20:00,12:00-20:00,,08:00-14:00,"2026-06-05: x, 2026-06-12: x, 2026-06-19: x, 2026-06-26: x, 2026-07-04: x, 2026-09-07: x","Aqua-Tots Swim School in Strongsville provides year-round swimming lessons for kids of all ages, including swim lessons for babies and toddlers. Our world-renowned swimming instruction and “safety first, fun every second” approach features certified swim instructors, a family-friendly environment, and state-of-the-art facility with a cozy 90° pool. Aqua-Tots serves more than 150 communities worldwide and is trusted by parents to teach five million swim lessons every year. Since 1991, we’ve been committed to a legacy of safety; please visit our website to learn more about swim lessons for children at Aqua-Tots.",2025-12-31,,,,,,Yes,Yes,,,Yes,,,,,,,,,,,,,,,,,,,,,,No,,Yes,,,,,,Yes,,Yes,,,https://www.facebook.com/aquatotsstrongsville,https://www.instagram.com/AquaTotscleveland/,,,,,,,,,,No,Yes
Published,282,Aqua-Tots Swim School Qurtubah,Said Ibn Zayd Road 3511,,,,,,Riyadh,,SA,,050 957 9222,050 952 7222,https://www.aqua-tots.com/qurtubah/?utm_source=Google&utm_medium=Organic&utm_campaign=LocalSEO,Swimming school,"Swim club,Swimming pool,Swimwear store,Swimming facility,Swimming instructor,Baby swimming school,Public swimming pool",13:00-21:00,13:00-21:00,13:00-21:00,13:00-21:00,13:00-21:00,13:00-21:00,11:00-19:00,"2026-05-26: x, 2026-05-27: x, 2026-05-28: x, 2026-05-29: x, 2026-05-30: x, 2026-05-31: x, 2026-06-01: x","Aqua-Tots Swim School in Qurtubah provides year-round swimming lessons for kids of all ages, including swim lessons for babies and toddlers. Our world-renowned swimming instruction and “safety first, fun every second” approach features certified swim instructors, a family-friendly environment, and state-of-the-art facility with a cozy 90° pool. Aqua-Tots serves more than 150 communities worldwide and is trusted by parents to teach five million swim lessons every year. Since 1991, we’ve been committed to a legacy of safety; please visit our website to learn more about swim lessons for children at Aqua-Tots.",,,,,,,Yes,Yes,,,,,,,,[NOT APPLICABLE],[NOT APPLICABLE],[NOT APPLICABLE],[NOT APPLICABLE],[NOT APPLICABLE],[NOT APPLICABLE],[NOT APPLICABLE],[NOT APPLICABLE],[NOT APPLICABLE],,,,,,,,,No,,Yes,,,,,,,,Yes,Yes,,https://www.facebook.com/AquaTotsQurtubah/,https://www.instagram.com/aquatots_ksa/,,,,,https://wa.me/966509579222,,https://www.youtube.com/@aquatots,,,No,
Published,04329762069983497516,Aqua-Tots Swim School Windsor,1395 Walker Rd,,,,,,Windsor,ON,CA,N8Y 1R8,(519) 946-0493,,https://aqua-tots.com/windsor/,Swimming school,"Swim club,Swimming pool,Swimwear store,Swimming facility,Swimming instructor,Baby swimming school,Indoor swimming pool",,,,,,,,,"Aqua-Tots Swim School in Windsor provides year-round swimming lessons for kids of all ages, including swim lessons for babies and toddlers. Our world-renowned swimming instruction and “safety first, fun every second” approach features certified swim instructors, a family-friendly environment, and state-of-the-art facility with a cozy 90° pool. Aqua-Tots serves more than 150 communities worldwide and is trusted by parents to teach five million swim lessons every year. Since 1991, we’ve been committed to a legacy of safety; please visit our website to learn more about swim lessons for children at Aqua-Tots.",,,,,,,Yes,Yes,,,,,,,,,,[NOT APPLICABLE],[NOT APPLICABLE],[NOT APPLICABLE],[NOT APPLICABLE],[NOT APPLICABLE],[NOT APPLICABLE],[NOT APPLICABLE],,,Yes,,Yes,,,,,,,,,,,,,,,,,,,,,,,,,,,,,
Published,269,Aqua-Tots Swim School Grand Rapids,2458 28th Street SE,,,,,,Grand Rapids,MI,US,49512,(616) 213-0040,,https://www.aqua-tots.com/grand-rapids/,Swimming school,"Swim club,Swimming facility,Swimming instructor,Baby swimming school,Indoor swimming pool",09:00-14:00,10:00-20:00,10:00-20:00,10:00-14:00,10:00-20:00,10:00-20:00,09:00-14:00,"2026-07-02: x, 2026-07-05: x","Aqua-Tots Swim School in Grand Rapids provides year-round swimming lessons for kids of all ages, including swim lessons for babies and toddlers. Our world-renowned swimming instruction and 'safety first, fun every second' approach features certified swim instructors, a family-friendly environment, and state-of-the-art facility with a cozy 90° pool. Aqua-Tots serves more than 150 communities worldwide and is trusted by parents to teach five million swim lessons every year. Since 1991, we've been committed to a legacy of safety; please visit our website to learn more about swim lessons for children at Aqua-Tots.",,aqua-tots,,,,,Yes,Yes,Yes,Yes,,,,,,,,,,,,,,,,,Yes,,Yes,,,,No,,Yes,,,,,,Yes,,Yes,Yes,https://www.aqua-tots.com/sign-up/?utm_source=GBP&utm_medium=Appointment&utm_campaign=Aqua-Tots%2520Swim%2520School%2520Grand%2520Rapids,https://www.facebook.com/AquaTotsGrandRapids/,https://www.instagram.com/aquatotswestmi/,,https://www.pinterest.com/aquatotsswimschool/,sms:+16162130040,https://www.tiktok.com/@aquatotswestmi,,,https://www.youtube.com/@AquaTotsWestMi,Text message (text_messaging),,No,
Published,Sandy Springs,Aqua-Tots Swim School Sandy Springs,5290 Roswell Road,,,,,,Sandy Springs,GA,US,30342,(770) 740-5888,,https://www.aqua-tots.com/sandy-springs/?utm_source=Google&utm_medium=Organic&utm_campaign=LocalSEO,Swimming school,"Swim club,Swimwear store,Swimming facility,Baby swimming school",08:00-13:30,,09:00-19:45,12:00-19:30,12:00-19:45,12:00-19:00,08:00-13:30,2026-09-07: x,"Aqua-Tots Swim School in Sandy Springs provides year-round swimming lessons for kids of all ages, including swim lessons for babies and toddlers. Our world-renowned swimming instruction and 'safety first, fun every second' approach features certified swim instructors, a family-friendly environment, and state-of-the-art facility with a cozy 90° pool. Aqua-Tots serves more than 150 communities worldwide and is trusted by parents to teach five million swim lessons every year. Since 1991, we've been committed to a legacy of safety; please visit our website to learn more about swim lessons for children at Aqua-Tots.",,aqua-tots,,,,,Yes,Yes,,,,,,,,,,,,,,,,,,,,,,,,,No,,Yes,,,,,,Yes,,Yes,Yes,https://www.aqua-tots.com/sign-up/?utm_source=GBP&utm_medium=Appointment&utm_campaign=Aqua-Tots%2520Swim%2520School%2520Sandy%2520Springs,https://www.facebook.com/AquaTotsSandySprings,https://www.instagram.com/aquatots_sandysprings/,,https://www.pinterest.com/aquatotsswimschool/,,,,,https://www.youtube.com/@aquatots,,,No,
Published,Cypress,Aqua-Tots Swim School Cypress,26341 Northwest Freeway,,,,,,Cypress,TX,US,77429,(281) 310-5777,,https://www.aqua-tots.com/cypress/?utm_source=Google&utm_medium=Organic&utm_campaign=LocalSEO,Swimming school,"Swim club,Swimming pool,Swimwear store,Swimming facility,Swimming instructor,Baby swimming school",,09:00-20:00,09:00-20:00,14:00-20:00,09:00-20:00,09:00-20:00,09:00-15:00,2026-09-07: x,"Aqua-Tots Swim School in Cypress provides year-round swimming lessons for kids of all ages, including swim lessons for babies and toddlers. Our world-renowned swimming instruction and 'safety first, fun every second' approach features certified swim instructors, a family-friendly environment, and state-of-the-art facility with a cozy 90° pool. Aqua-Tots serves more than 150 communities worldwide and is trusted by parents to teach five million swim lessons every year. Since 1991, we've been committed to a legacy of safety; please visit our website to learn more about swim lessons for children at Aqua-Tots.",,aqua-tots,+1 281-310-5777,,,,Yes,Yes,Yes,,,,,,,,,,,,,,,,,,,,,,,,No,,Yes,,,,,,Yes,,Yes,Yes,https://www.aqua-tots.com/sign-up/?utm_source=GBP&utm_medium=Appointment&utm_campaign=Aqua-Tots%2520Swim%2520School%2520Cypress,https://www.facebook.com/AquaTotsCypress/,https://www.instagram.com/aquatotscypress/,,https://www.pinterest.com/aquatotsswimschool/,,,,,https://www.youtube.com/@aquatots,,,No,Yes
Published,112,Aqua-Tots Swim School Kuwait,Salim Bin Ali Bogammaz Street 29,"Block 2, Khaldeya",,,,,Kuwait,,KW,72302,2227 0067,,https://www.aqua-tots.com/kuwait/?utm_source=Google&utm_medium=GBP&utm_campaign=LocalSEO&utm_source=Google&utm_medium=Organic&utm_campaign=LocalSEO,Swimming school,"Children's camp,Swim club,Sports school,Swimming pool,Swimming facility,Swimming instructor,Baby swimming school,Public swimming pool,Children's party service",09:00-20:00,09:00-20:00,09:00-20:00,09:00-20:00,09:00-20:00,,09:00-20:00,"2025-06-05: x, 2025-06-06: x, 2025-06-07: x, 2025-06-08: x","توفر مدرسة أكوا توتس للسباحة في الكويت دروسًا في السباحة على مدار العام للأطفال من جميع الأعمار. تتميز تعليمات السباحة ذات الشهرة العالمية لدينا ومنهج ""السلامة أولاً، المتعة في كل ثانية"" بمدربي سباحة معتمدين، وبيئة صديقة للأسرة، ومنشأة رائعة مع مسبح دافئ تبلغ درجة حرارته 33 درجة مئوية. نحظى بثقة أولياء الأمور منذ عام 1991.
Aqua-Tots Swim School in Kuwait provides year-round swimming classes for kids of all ages. Our world-renowned swimming instruction and “safety first, fun every second” approach features certified swimming instructors, a family-friendly environment, and great facility with a warm 33°C swimming pool. We serve more than 160 communities worldwide and are trusted by parents since 1991.",,,,,,,Yes,Yes,Yes,,Yes,,Yes,,,[NOT APPLICABLE],[NOT APPLICABLE],[NOT APPLICABLE],[NOT APPLICABLE],[NOT APPLICABLE],[NOT APPLICABLE],[NOT APPLICABLE],[NOT APPLICABLE],[NOT APPLICABLE],Yes,,Yes,,,,,,No,,Yes,,,,,,,,Yes,Yes,https://www.aqua-tots.com/sign-up/?utm_source=GBP&utm_medium=Appointment&utm_campaign=Aqua-Tots%2520Swim%2520School%2520Kuwait,https://www.facebook.com/AquaTotsKWT,https://www.instagram.com/aquatotskw/,,https://www.pinterest.com/aquatotsswimschool/,,https://www.tiktok.com/@aquatots.kuwait,https://wa.me/96560027440,https://twitter.com/Aquatots_swim,https://www.youtube.com/@Aqua-TotsKuwait,,,No,Yes
Published,199,Aqua-Tots Swim School Briarcliff,2153-A Briarcliff Road Northeast,,,,,,Atlanta,GA,US,30329,(404) 495-4842,,https://www.aqua-tots.com/briarcliff/?utm_source=Google&utm_medium=Organic&utm_campaign=LocalSEO,Swimming school,"Swim club,Swimming facility,Swimming instructor,Baby swimming school,Indoor swimming pool",08:00-17:30,12:00-19:30,12:00-19:30,12:00-19:30,09:30-19:30,12:00-18:00,08:00-17:30,2026-09-07: x,"Aqua-Tots Swim School in Briarcliff provides year-round swimming lessons for kids of all ages, including swim lessons for babies and toddlers. Our world-renowned swimming instruction and 'safety first, fun every second' approach features certified swim instructors, a family-friendly environment, and state-of-the-art facility with a cozy 90° pool. Aqua-Tots serves more than 150 communities worldwide and is trusted by parents to teach five million swim lessons every year. Since 1991, we've been committed to a legacy of safety; please visit our website to learn more about swim lessons for children at Aqua-Tots.",,aqua-tots,+1 404-495-4842,,,,Yes,Yes,Yes,Yes,,,,,,,,,,,,,,,,,Yes,,Yes,,,,No,,Yes,,,,,,Yes,,Yes,Yes,https://www.aqua-tots.com/briarcliff/sign-up/,https://www.facebook.com/AquaTotsBriarcliff,https://www.instagram.com/aquatotsofficial/,,,,,,,https://www.youtube.com/@aquatots,,,No,Yes
Published,187,Aqua-Tots Swim School Humble,9669 Farm to Market 1960 Bypass,,,,,,Humble,TX,US,77338,(832) 645-5744,,https://www.aqua-tots.com/humble/?utm_source=Google&utm_medium=Organic&utm_campaign=LocalSEO,Swimming school,"Swim club,Swimming pool,Swimwear store,Swimming facility,Swimming instructor,Baby swimming school",,15:30-19:30,15:30-19:30,15:30-19:30,15:30-19:30,15:30-19:30,09:00-13:30,2026-09-07: x,"Aqua-Tots Swim School in Humble provides year-round swimming lessons for kids of all ages, including swim lessons for babies and toddlers. Our world-renowned swimming instruction and 'safety first, fun every second' approach features certified swim instructors, a family-friendly environment, and state-of-the-art facility with a cozy 90° pool. Aqua-Tots serves more than 150 communities worldwide and is trusted by parents to teach five million swim lessons every year. Since 1991, we've been committed to a legacy of safety; please visit our website to learn more about swim lessons for children at Aqua-Tots.",,aqua-tots,(832) 645-5744,,,,Yes,Yes,Yes,,,,,,,,,,,,,,,,,,,,,,,,No,,Yes,,,,,,Yes,,Yes,,https://www.aqua-tots.com/sign-up/?utm_source=GBP&utm_medium=Appointment&utm_campaign=Aqua-Tots%2520Swim%2520School%2520Humble,https://www.facebook.com/AquaTotsHumble/,https://www.instagram.com/aquatotshumble/,,https://www.pinterest.com/aquatotsswimschool/,,,,,https://www.youtube.com/@aquatots,,,No,Yes
Published,240,Aqua-Tots Swim School Chattanooga,6413 Lee Hwy,,,,,,Chattanooga,TN,US,37421,(423) 702-4592,,https://www.aqua-tots.com/chattanooga-hamilton-place/?utm_source=Google&utm_medium=Organic&utm_campaign=LocalSEO,Swimming school,"Swim club,Swimming pool,Swimming facility,Swimming instructor,Baby swimming school",13:00-17:00,09:00-20:00,09:00-20:00,09:00-20:00,09:00-20:00,09:00-20:00,09:00-15:00,"2026-07-03: x, 2026-07-04: x, 2026-07-05: x","Aqua-Tots Swim School in Chattanooga provides year-round swimming lessons for kids of all ages, including swim lessons for babies and toddlers. Our world-renowned swimming instruction and 'safety first, fun every second' approach features certified swim instructors, a family-friendly environment, and state-of-the-art facility with a cozy 90° pool. Aqua-Tots serves more than 150 communities worldwide and is trusted by parents to teach five million swim lessons every year. Since 1991, we've been committed to a legacy of safety; please visit our website to learn more about swim lessons for children at Aqua-Tots.",,aqua-tots,,,,,Yes,Yes,Yes,Yes,Yes,Yes,Yes,,,Yes,Yes,,,,,,,,,,Yes,,,,,,No,,Yes,,,,,,Yes,,Yes,Yes,https://www.aqua-tots.com/sign-up/?utm_source=GBP&utm_medium=Appointment&utm_campaign=Aqua-Tots%2520Swim%2520School%2520Chattanooga-Hamilton%2520Place,https://www.facebook.com/AquaTotsChattanoogaTN/,https://www.instagram.com/aquatotshamiltonplace/,,https://www.pinterest.com/aquatotsswimschool/,,https://www.tiktok.com/@aquatotstnga,,,https://www.youtube.com/@aquatots,,,No,Yes
Published,Troy,Aqua-Tots Swim School Troy,846 E. Big Beaver Rd.,,,,,,Troy,MI,US,48083,(248) 845-4545,,https://www.aqua-tots.com/troy/?utm_source=Google&utm_medium=Organic&utm_campaign=LocalSEO,Swimming school,"Swimming facility,Swim club,Swimming pool,Swimwear store,Swimming instructor,Baby swimming school",09:00-15:00,10:00-20:30,10:00-20:30,10:00-20:30,10:00-20:30,10:00-20:30,09:00-15:00,"2025-11-27: x, 2025-12-24: x, 2025-12-25: x, 2025-12-26: 10:00-14:00, 2025-12-27: 10:00-14:00, 2025-12-28: 10:00-14:00, 2025-12-29: 10:00-14:00, 2025-12-30: 10:00-14:00, 2025-12-31: x, 2026-01-01: x","Aqua-Tots Swim School in Troy provides year-round swimming lessons for kids of all ages, including swim lessons for babies and toddlers. Our world-renowned swimming instruction and 'safety first, fun every second' approach features certified swim instructors, a family-friendly environment, and state-of-the-art facility with a cozy 90° pool. Aqua-Tots serves more than 150 communities worldwide and is trusted by parents to teach five million swim lessons every year. Since 1991, we've been committed to a legacy of safety; please visit our website to learn more about swim lessons for children at Aqua-Tots.",,aqua-tots,+1 248-845-4545,,,,Yes,Yes,Yes,,,,,,,,,,,,,,,,,,,,,,,,No,,Yes,,,,,,Yes,,Yes,Yes,https://www.aqua-tots.com/sign-up/?utm_source=GBP&utm_medium=Appointment&utm_campaign=Aqua-Tots%2520Swim%2520School%2520Troy,https://www.facebook.com/AquaTotsTroy/,https://www.instagram.com/aquatotsmi/,,https://www.pinterest.com/aquatotsswimschool/,,https://www.tiktok.com/@aquatotsmi,,,https://www.youtube.com/channel/UCvKVHB54fl4jpx2Y4M9t1ZA,,,No,Yes
Published,Westerville,Aqua-Tots Swim School Westerville,714 N. State St.,,,,,,Westerville,OH,US,43082,(614) 984-3732,,https://www.aqua-tots.com/westerville/?utm_source=Google&utm_medium=Organic&utm_campaign=LocalSEO,Swimming school,"Swim club,Swimming pool,Swimwear store,Swimming facility,Swimming instructor,Baby swimming school",08:30-15:00,10:00-20:00,14:00-19:00,11:30-20:00,11:30-20:00,,08:30-14:00,"2026-05-25: x, 2026-07-04: x, 2026-09-07: x","Aqua-Tots Swim School in Westerville provides year-round swimming lessons for kids of all ages, including swim lessons for babies and toddlers. Our world-renowned swimming instruction and 'safety first, fun every second' approach features certified swim instructors, a family-friendly environment, and state-of-the-art facility with a cozy 90° pool. Aqua-Tots serves more than 150 communities worldwide and is trusted by parents to teach five million swim lessons every year. Since 1991, we've been committed to a legacy of safety; please visit our website to learn more about swim lessons for children at Aqua-Tots.",,aqua-tots,+1 614-984-3732,,,,Yes,Yes,Yes,,Yes,,,,,,,,,,,,,,,,,,,,,,No,,Yes,,,,,,Yes,,Yes,Yes,https://www.aqua-tots.com/sign-up/?utm_source=GBP&utm_medium=Appointment&utm_campaign=Aqua-Tots%2520Swim%2520School%2520Westerville,https://www.facebook.com/AquaTotsWesterville/,https://www.instagram.com/aquatotswesterville/,,https://www.pinterest.com/aquatotsswimschool/,,https://www.tiktok.com/@aquatotswesterville,,,https://www.youtube.com/@aquatots,,,No,Yes
Published,Round Rock,Aqua-Tots Swim School Round Rock,1208 North Interstate Highway 35,,,,,,Round Rock,TX,US,78681,(512) 336-8687,,https://www.aqua-tots.com/round-rock?utm_source=Google&utm_medium=Organic&utm_campaign=LocalSEO,Swimming school,"Swim club,Swimwear store,Swimming facility,Swimming instructor,Baby swimming school",,09:30-20:15,09:00-19:45,10:00-20:30,12:00-20:30,10:00-19:45,07:45-14:15,2026-09-07: x,"Aqua-Tots Swim School in Round Rock provides year-round swimming lessons for kids of all ages, including swim lessons for babies and toddlers. Our world-renowned swimming instruction and 'safety first, fun every second' approach features certified swim instructors, a family-friendly environment, and state-of-the-art facility with a cozy 90° pool. Aqua-Tots serves more than 150 communities worldwide and is trusted by parents to teach five million swim lessons every year. Since 1991, we've been committed to a legacy of safety; please visit our website to learn more about swim lessons for children at Aqua-Tots.",2010-04-07,aqua-tots,+1 512-336-8687,,,,Yes,Yes,,,Yes,,,,,,,,,,,,,,,,Yes,,,,,,No,,Yes,,,,,,,,Yes,Yes,https://www.aqua-tots.com/sign-up/?utm_source=GBP&utm_medium=Appointment&utm_campaign=Aqua-Tots%2520Swim%2520School%2520Round%2520Rock,https://www.facebook.com/AquaTotsRoundRock/,https://www.instagram.com/aquatotsroundrock/,,https://www.pinterest.com/aquatotsswimschool/,,,,,https://www.youtube.com/@aquatots,,,No,Yes
Published,Mckinney,Aqua-Tots Swim School Central McKinney,1871 North Lake Forest Drive,,,,,,McKinney,TX,US,75071,(972) 468-9712,,https://www.aqua-tots.com/central-mckinney/?utm_source=Google&utm_medium=Organic&utm_campaign=LocalSEO,Swimming school,"Swim club,Swimming pool,Swimwear store,Swimming instructor,Baby swimming school",,09:00-19:45,09:00-19:45,09:00-19:45,09:00-19:45,09:00-19:45,09:00-17:00,2026-09-07: x,"Aqua-Tots Swim School in Mckinney provides year-round swimming lessons for kids of all ages, including swim lessons for babies and toddlers. Our world-renowned swimming instruction and 'safety first, fun every second' approach features certified swim instructors, a family-friendly environment, and state-of-the-art facility with a cozy 90° pool. Aqua-Tots serves more than 150 communities worldwide and is trusted by parents to teach five million swim lessons every year. Since 1991, we've been committed to a legacy of safety; please visit our website to learn more about swim lessons for children at Aqua-Tots.",,aqua-tots,(972) 468-9712,,,,Yes,Yes,Yes,,,,,,,,,,,,,,,,,,,,,,,,No,,Yes,,,,,,Yes,,Yes,Yes,https://www.aqua-tots.com/sign-up/?utm_source=GBP&utm_medium=Appointment&utm_campaign=Aqua-Tots%2520Swim%2520School%2520Central%2520McKinney,https://www.facebook.com/AquaTotsCentralMcKinney/,https://www.instagram.com/aquatots_centralmckinney/,,https://www.pinterest.com/aquatotsswimschool/,,,,,https://www.youtube.com/@aquatots,,,No,Yes
Published,Virginia Beach - Active,Aqua-Tots Swim School Virginia Beach,2133 Upton Drive,,,,,,Virginia Beach,VA,US,23454,(757) 292-2410,,https://www.aqua-tots.com/virginia-beach-at-red-mill/?utm_source=google&utm_medium=organic&utm_campaign=local-seo,Swimming school,"Swim club,Swimming pool,Swimwear store,Swimming facility,Swimming instructor,Baby swimming school,Public swimming pool",,08:30-19:30,08:30-19:30,08:30-19:30,08:30-19:30,08:30-19:30,08:30-13:00,,"Aqua-Tots Swim School in Virginia Beach provides year-round swimming lessons for kids of all ages, including swim lessons for babies and toddlers. Our world-renowned swimming instruction and “safety first, fun every second” approach features certified swim instructors, a family-friendly environment, and state-of-the-art facility with a cozy 90° pool. Aqua-Tots serves more than 150 communities worldwide and is trusted by parents to teach five million swim lessons every year. Since 1991, we’ve been committed to a legacy of safety; please visit our website to learn more about swim lessons for children at Aqua-Tots.",2025-10-20,,,,,,Yes,Yes,,,,,,,,,,,,,,,,,,,,,,,,,No,,Yes,,,,,,,,Yes,,,https://www.facebook.com/AquaTotsVB/,https://www.instagram.com/aquatotsvb/,,https://www.pinterest.com/aquatotsswimschool/,,,,,https://www.youtube.com/channel/UCvKVHB54fl4jpx2Y4M9t1ZA,,,,
Published,Murphy,Aqua-Tots Swim School Murphy,601 Farm to Market Road 544,,,,,,Murphy,TX,US,75094,(972) 502-9040,,https://www.aqua-tots.com/murphy/?utm_source=Google&utm_medium=Organic&utm_campaign=LocalSEO,Swimming school,"Swim club,Swimwear store,Swimming facility,Swimming instructor,Baby swimming school",,09:00-20:00,09:00-20:00,09:00-20:00,09:00-20:00,09:00-20:00,09:00-14:00,2026-09-07: x,"Aqua-Tots Swim School in Murphy provides year-round swimming lessons for kids of all ages, including swim lessons for babies and toddlers. Our world-renowned swimming instruction and 'safety first, fun every second' approach features certified swim instructors, a family-friendly environment, and state-of-the-art facility with a cozy 90° pool. Aqua-Tots serves more than 150 communities worldwide and is trusted by parents to teach five million swim lessons every year. Since 1991, we've been committed to a legacy of safety; please visit our website to learn more about swim lessons for children at Aqua-Tots.",,aqua-tots,+1 972-502-9040,,,,Yes,Yes,Yes,Yes,,,,,,,,,,,,,,,,,,,,,,,No,,Yes,,,,,,Yes,,Yes,Yes,https://www.aqua-tots.com/sign-up/?utm_source=GBP&utm_medium=Appointment&utm_campaign=Aqua-Tots%2520Swim%2520School%2520Murphy,https://www.facebook.com/AquaTotsMurphy/,https://www.instagram.com/aquatots_murphytx/,,https://www.pinterest.com/aquatotsswimschool/,,,,,https://www.youtube.com/@aquatots,,,No,Yes
Published,230,Aqua-Tots Swim School Clark,1255 Raritan Rd.,,,,,,Clark,NJ,US,07066,(908) 460-8687,,https://www.aqua-tots.com/clark/?utm_source=Google&utm_medium=Organic&utm_campaign=LocalSEO,Swimming school,"Swim club,Swimming pool,Swimwear store,Swimming facility,Swimming instructor,Baby swimming school",,08:30-20:00,08:30-20:00,08:30-20:00,12:00-20:00,12:00-20:00,08:00-15:30,,"Aqua-Tots Swim School in Clark provides year-round swimming lessons for kids of all ages, including swim lessons for babies and toddlers. Our world-renowned swimming instruction and 'safety first, fun every second' approach features certified swim instructors, a family-friendly environment, and state-of-the-art facility with a cozy 90° pool. Aqua-Tots serves more than 150 communities worldwide and is trusted by parents to teach five million swim lessons every year. Since 1991, we've been committed to a legacy of safety; please visit our website to learn more about swim lessons for children at Aqua-Tots.",,aqua-tots,,,,,Yes,Yes,Yes,Yes,,,,,,,,,,,,,,,Yes,,,,,,,,No,,Yes,,,,,,Yes,,Yes,Yes,https://www.aqua-tots.com/sign-up/?utm_source=GBP&utm_medium=Appointment&utm_campaign=Aqua-Tots%2520Swim%2520School%2520Clark,https://www.facebook.com/AquaTotsClarkNJ,https://www.instagram.com/aquatotsclark/,,https://www.pinterest.com/aquatotsswimschool/,,,,,https://www.youtube.com/@aquatots,,Yes,No,Yes
Published,201,Aqua-Tots Swim School Crocker Park,30219 Detroit Road,Crocker Park,,,,,Westlake,OH,US,44145,(440) 482-8687,,https://www.aqua-tots.com/crocker-park/?utm_source=Google&utm_medium=Organic&utm_campaign=LocalSEO,Swimming school,"Swim club,Swimming pool,Swimming facility,Baby swimming school",08:30-15:00,09:00-20:00,09:00-20:00,10:00-20:00,11:30-20:00,08:30-17:00,08:30-17:00,"2026-05-25: x, 2026-07-04: x, 2026-09-07: x","Aqua-Tots Swim School in Crocker Park provides year-round swimming lessons for kids of all ages, including swim lessons for babies and toddlers. Our world-renowned swimming instruction and 'safety first, fun every second' approach features certified swim instructors, a family-friendly environment, and state-of-the-art facility with a cozy 90° pool. Aqua-Tots serves more than 150 communities worldwide and is trusted by parents to teach five million swim lessons every year. Since 1991, we've been committed to a legacy of safety; please visit our website to learn more about swim lessons for children at Aqua-Tots.",,aqua-tots,(440) 482-8687,,,,Yes,Yes,Yes,,Yes,,,,,,,,,,,,,,,,,,Yes,,,,No,,Yes,,,,,,Yes,,Yes,Yes,https://www.aqua-tots.com/sign-up/?utm_source=GBP&utm_medium=Appointment&utm_campaign=Aqua-Tots%2520Swim%2520School%2520Crocker%2520Park,https://www.facebook.com/AquaTotsCrockerPark/,https://www.instagram.com/aquatotscrockerpark/,,https://www.pinterest.com/aquatotsswimschool/,,https://www.tiktok.com/@aquatotscrockerpark,,,https://www.youtube.com/@aquatots,,Yes,No,Yes
Published,West-Omaha,Aqua-Tots Swim School West Omaha,17602 Wright Street,Ste 102,,,,,Omaha,NE,US,68130,(402) 252-5872,,https://www.aqua-tots.com/west-omaha/?utm_source=Google&utm_medium=Organic&utm_campaign=LocalSEO,Swimming school,"Swim club,Swimming pool,Swimwear store,Swimming facility,Swimming instructor,Baby swimming school",08:00-13:00,,08:30-19:30,08:30-19:30,12:00-19:30,14:00-19:30,08:00-13:00,"2026-09-05: x, 2026-09-06: x","Aqua-Tots Swim School in West Omaha provides year-round swimming lessons for kids of all ages, including swim lessons for babies and toddlers. Our world-renowned swimming instruction and “safety first, fun every second” approach features certified swim instructors, a family-friendly environment, and state-of-the-art facility with a cozy 90° pool. Aqua-Tots serves more than 150 communities worldwide and is trusted by parents to teach five million swim lessons every year. Since 1991, we’ve been committed to a legacy of safety; please visit our website to learn more about swim lessons for children at Aqua-Tots.",2026-04-07,,,,,,Yes,Yes,,,Yes,,,,,,,,,,,,,,,,,,,,,,No,,Yes,,,,,,Yes,,Yes,Yes,,https://www.facebook.com/AquaTotsWestOmaha/,https://www.instagram.com/AquaTotsWestOmaha/,,,,,,,https://www.youtube.com/@aquatots,,,No,Yes
Published,267,Aqua-Tots Swim School Anaheim,3150 West Lincoln Avenue,,,,,,Anaheim,CA,US,92801,(714) 430-8333,,https://www.aqua-tots.com/anaheim/?utm_source=Google&utm_medium=Organic&utm_campaign=LocalSEO,Swimming school,"Swim club,Swimwear store,Swimming facility,Swimming instructor,Public swimming pool",09:00-14:30,10:00-20:00,09:00-20:00,09:00-19:00,11:00-20:00,09:00-20:00,09:00-14:30,"2026-09-05: x, 2026-09-06: x, 2026-09-07: x","Aqua-Tots Swim School in Anaheim provides year-round swimming lessons for kids of all ages, including swim lessons for babies and toddlers. Our world-renowned swimming instruction and 'safety first, fun every second' approach features certified swim instructors, a family-friendly environment, and state-of-the-art facility with a cozy 90° pool. Aqua-Tots serves more than 150 communities worldwide and is trusted by parents to teach five million swim lessons every year. Since 1991, we've been committed to a legacy of safety; please visit our website to learn more about swim lessons for children at Aqua-Tots.",,aqua-tots,,,,,Yes,Yes,,,,,,,,,,,,,,,,,Yes,,Yes,,,,,,No,,Yes,,,,,,Yes,,Yes,Yes,https://www.aqua-tots.com/anaheim/sign-up/,https://www.facebook.com/AquaTotsAnaheim/,https://www.instagram.com/aquatotsoc/,,,,,,,https://www.youtube.com/@aquatots,,,No,Yes
Published,274,Aqua-Tots Swim School Srinakarin-Namdaeng,25/27 Namdang-Bangplee Road,,,,,Bang Phli,Tambon Bang Kaeo,,TH,10540,065 557 4755,,https://www.aqua-tots.com/srinakarin-namdaeng/?utm_source=Google&utm_medium=Organic&utm_campaign=LocalSEO,Swimming school,"Swim club,Swimming pool,Swimwear store,Swimming facility,Swimming instructor,Baby swimming school,Public swimming pool",09:00-18:00,,10:00-19:00,10:00-19:00,10:00-19:00,10:00-19:00,09:00-18:00,,"Aqua-Tots Swim School in Bangphli provides year-round swimming lessons for kids of all ages, including swim lessons for babies and toddlers. Our world-renowned swimming instruction and “safety first, fun every second” approach features certified swim instructors, a family-friendly environment, and state-of-the-art facility with a cozy 90° pool. Aqua-Tots serves more than 150 communities worldwide and is trusted by parents to teach five million swim lessons every year. Since 1991, we’ve been committed to a legacy of safety; please visit our website to learn more about swim lessons for children at Aqua-Tots.",,,,,,,Yes,Yes,Yes,Yes,,,,,,,,[NOT APPLICABLE],[NOT APPLICABLE],[NOT APPLICABLE],[NOT APPLICABLE],[NOT APPLICABLE],[NOT APPLICABLE],[NOT APPLICABLE],,,Yes,,,,,,No,,,,,,,,,,,,https://www.aqua-tots.com/sign-up/?utm_source=GBP&utm_medium=Appointment&utm_campaign=Aqua-Tots%2520Swim%2520School%2520Srinakarin-Namdaeng,https://www.facebook.com/AquaTotsNamdaeng/,https://www.instagram.com/aquatotsofficial/,,https://www.pinterest.com/aquatotsswimschool/,[NOT APPLICABLE],,[NOT APPLICABLE],,https://www.youtube.com/@aquatots,,,No,Yes
Published,101-3,Aqua-Tots Swim School Chandler,4040 South Arizona Avenue,,,,,,Chandler,AZ,US,85248,(480) 726-5264,,https://www.aqua-tots.com/chandler/?utm_source=Google&utm_medium=Organic&utm_campaign=LocalSEO,Swimming school,"Swim club,Swimming pool,Swimwear store,Swimming facility,Swimming instructor,Baby swimming school",,10:00-20:00,10:00-20:00,12:00-20:00,10:00-20:00,,08:00-14:00,,"Aqua-Tots Swim School in Chandler provides year-round swimming lessons for kids of all ages, including swim lessons for babies and toddlers. Our world-renowned swimming instruction and 'safety first, fun every second' approach features certified swim instructors, a family-friendly environment, and state-of-the-art facility with a cozy 90° pool. Aqua-Tots serves more than 150 communities worldwide and is trusted by parents to teach five million swim lessons every year. Since 1991, we've been committed to a legacy of safety; please visit our website to learn more about swim lessons for children at Aqua-Tots.",,aqua-tots,+1 480-726-5264,,,,Yes,Yes,,,,,,,,,,,,,,,,,,,,,Yes,,,,No,,Yes,,,,,,Yes,,Yes,Yes,https://www.aqua-tots.com/sign-up/?utm_source=GBP&utm_medium=Appointment&utm_campaign=Aqua-Tots%2520Swim%2520School%2520Chandler,https://www.facebook.com/AquaTotsChandler/,https://www.instagram.com/aquatotschandler/,,https://www.pinterest.com/aquatotsswimschool/,,https://www.tiktok.com/@aquatots_chandler,,,https://www.youtube.com/@aquatots,,,No,Yes
Published,261,Aqua-Tots Swim School Lynnwood,19715 Highway 99,,,,,,Lynnwood,WA,US,98036,(425) 225-4780,,https://www.aqua-tots.com/lynnwood?utm_source=Google&utm_medium=Organic&utm_campaign=LocalSEO,Swimming school,"Swim club,Swimming pool,Swimwear store,Swimming facility,Swimming instructor,Baby swimming school,Public swimming pool",,10:00-19:30,08:30-19:30,08:30-19:30,08:30-19:30,08:30-19:30,08:00-16:30,"2026-09-05: x, 2026-09-07: x","Aqua-Tots Swim School in Lynnwood provides year-round swimming lessons for kids of all ages, including swim lessons for babies and toddlers. Our world-renowned swimming instruction and ""safety first, fun every second"" approach features certified swim instructors, a family-friendly environment, and state-of-the-art facility with a cozy 90° pool. Aqua-Tots serves more than 150 communities worldwide and is trusted by parents to teach five million swim lessons every year. Since 1991, we've been committed to a legacy of safety; please visit our website to learn more about swim lessons for children at Aqua-Tots.",,,,,,,Yes,Yes,,,,,,,,,,,,,,,,,,,,,,,,,No,,Yes,,,,,,,,Yes,Yes,https://www.aqua-tots.com/sign-up/?utm_source=GBP&utm_medium=Appointment&utm_campaign=Aqua-Tots%2520Swim%2520School%2520Lynnwood,https://www.facebook.com/aquatotslynnwood,https://www.instagram.com/aquatotslynnwood/,,https://www.pinterest.com/aquatotsswimschool/,,,,,https://www.youtube.com/@aquatots,,,No,
Published,Rayong,Aqua-Tots Swim School Rayong,"999/111 Moo 1, Ratchchumphon Road (Kor.2)",,,,,Noen Phra,Mueang Rayong,Rayong,TH,21000,080 051 4425,,https://thailand.aqua-tots.com/school/rayong/?utm_source=Google&utm_medium=Organic&utm_campaign=LocalSEO,Swimming school,"Swim club,Swimming pool,Swimwear store,Swimming facility,Swimming instructor,Baby swimming school",09:30-18:30,09:30-18:30,09:30-18:30,,09:30-18:30,09:30-18:30,09:30-18:30,,"Aqua-Tots Swim School in Mueang Rayong provides year-round swimming lessons for kids of all ages, including swim lessons for babies and toddlers. Our world-renowned swimming instruction and “safety first, fun every second” approach features certified swim instructors, a family-friendly environment, and state-of-the-art facility with a warm indoor pool. Aqua-Tots serves more than 150 communities worldwide and is trusted by parents to teach five million swim lessons every year. Since 1991, we’ve been committed to a legacy of safety; please visit our website to learn more about swim lessons for children at Aqua-Tots.",2026-03-10,,,,,,Yes,Yes,Yes,,Yes,Yes,Yes,,,,,[NOT APPLICABLE],[NOT APPLICABLE],[NOT APPLICABLE],[NOT APPLICABLE],[NOT APPLICABLE],[NOT APPLICABLE],[NOT APPLICABLE],,,Yes,,Yes,,,,No,,No,,,,,,No,,No,No,,https://www.facebook.com/AquaTotsRayong,https://www.instagram.com/AquaTotsRayong/,,,[NOT APPLICABLE],,[NOT APPLICABLE],,,,,No,Yes
Published,Arvada,Aqua-Tots Swim School Arvada,7973 Wadsworth Blvd.,,,,,,Arvada,CO,US,80003,(720) 446-5582,,https://www.aqua-tots.com/arvada/?utm_source=Google&utm_medium=Organic&utm_campaign=LocalSEO,Swimming school,"Swim club,Swimming pool,Swimwear store,Swimming facility,Swimming instructor,Baby swimming school",,09:00-19:30,09:00-19:30,09:00-19:30,10:00-19:30,09:00-19:30,08:30-12:30,2026-09-07: x,"Aqua-Tots Swim School in Arvada provides year-round swimming lessons for kids of all ages, including swim lessons for babies and toddlers. Our world-renowned swimming instruction and 'safety first, fun every second' approach features certified swim instructors, a family-friendly environment, and state-of-the-art facility with a cozy 90° pool. Aqua-Tots serves more than 150 communities worldwide and is trusted by parents to teach five million swim lessons every year. Since 1991, we've been committed to a legacy of safety; please visit our website to learn more about swim lessons for children at Aqua-Tots.",,aqua-tots,,,,,Yes,Yes,Yes,Yes,,,,,,,,,,,,,,,,,,,,,,,No,,Yes,,,,,,Yes,,Yes,Yes,https://www.aqua-tots.com/sign-up/?utm_source=GBP&utm_medium=Appointment&utm_campaign=Aqua-Tots%2520Swim%2520School%2520Arvada,https://www.facebook.com/AquaTotsArvada/,https://www.instagram.com/aquatotsarvada/,,https://www.pinterest.com/aquatotsswimschool/,,,,,https://www.youtube.com/@aquatots,,,No,
Published,165,Aqua-Tots Swim School Auburn Hills,750 Brown Rd.,,,,,,Auburn Hills,MI,US,48326,(248) 537-4005,,https://www.aqua-tots.com/auburn-hills/?utm_source=Google&utm_medium=Organic&utm_campaign=LocalSEO,Swimming school,"Swim club,Swimming pool,Swimwear store,Swimming facility,Swimming instructor,Baby swimming school",09:00-14:30,09:45-20:00,09:45-21:00,09:45-13:30,09:45-21:00,09:45-20:00,09:00-14:30,"2025-11-27: x, 2025-12-24: x, 2025-12-25: x, 2025-12-26: 10:00-14:00, 2025-12-27: 10:00-14:00, 2025-12-28: 10:00-14:00, 2025-12-29: 10:00-14:00, 2025-12-30: 10:00-14:00, 2025-12-31: x, 2026-01-01: x","Aqua-Tots Swim School in Auburn Hills provides year-round swimming lessons for kids of all ages, including swim lessons for babies and toddlers. Our world-renowned swimming instruction and 'safety first, fun every second' approach features certified swim instructors, a family-friendly environment, and state-of-the-art facility with a cozy 90° pool. Aqua-Tots serves more than 150 communities worldwide and is trusted by parents to teach five million swim lessons every year. Since 1991, we've been committed to a legacy of safety; please visit our website to learn more about swim lessons for children at Aqua-Tots.",,aqua-tots,+1 248-537-4005,,,,Yes,Yes,Yes,,,,,,,,,,,,,,,,Yes,,Yes,,,,,,No,,Yes,,,,,,Yes,,Yes,Yes,https://www.aqua-tots.com/sign-up/?utm_source=GBP&utm_medium=Appointment&utm_campaign=Aqua-Tots%2520Swim%2520School%2520Auburn%2520Hills,https://www.facebook.com/AquaTotsAuburnHills/,https://www.instagram.com/aquatotsmi/,,https://www.pinterest.com/aquatotsswimschool/,,https://www.tiktok.com/@aquatotsmi,,,https://www.youtube.com/channel/UCvKVHB54fl4jpx2Y4M9t1ZA,,,No,Yes
Published,Peoria,Aqua-Tots Swim School Peoria,7713 N Orange Prairie Rd.,,,,,,Peoria,IL,US,61615,(309) 570-1300,,https://www.aqua-tots.com/peoria/?utm_source=Google&utm_medium=Organic&utm_campaign=LocalSEO,Swimming school,"Swim club,Swimming pool,Swimwear store,Swimming facility,Swimming instructor,Baby swimming school,Public swimming pool",,13:00-19:30,08:30-19:30,08:30-19:30,08:30-19:30,08:30-19:30,08:30-12:30,"2026-09-05: x, 2026-09-07: x","Aqua-Tots Swim School in Peoria provides year-round swimming lessons for kids of all ages, including swim lessons for babies and toddlers. Our world-renowned swimming instruction and ""safety first, fun every second"" approach features certified swim instructors, a family-friendly environment, and state-of-the-art facility with a cozy 90° pool. Aqua-Tots serves more than 150 communities worldwide and is trusted by parents to teach five million swim lessons every year. Since 1991, we've been committed to a legacy of safety; please visit our website to learn more about swim lessons for children at Aqua-Tots.",,aqua-tots,,,,,Yes,Yes,,,,,,,,,,,,,,,,,,,Yes,,,,,,No,,Yes,,,,,,,,Yes,Yes,https://www.aqua-tots.com/peoria/enroll-now/,https://www.facebook.com/aquatotspeoriail/,https://www.instagram.com/aquatotspeoria/,,,,https://www.tiktok.com/@aqua_tots_peoria,,,https://www.youtube.com/channel/UCvKVHB54fl4jpx2Y4M9t1ZA,,,No,Yes
Published,Novi,Aqua-Tots Swim School Novi,44225 West 12 Mile Road,,,,,,Novi,MI,US,48377,(248) 845-4544,,https://www.aqua-tots.com/novi?utm_source=Google&utm_medium=Organic&utm_campaign=LocalSEO,Swimming school,"Swim club,Swimming pool,Swimwear store,Swimming facility,Swimming instructor,Baby swimming school",09:00-16:00,10:00-20:30,10:00-20:30,10:00-20:30,10:00-20:30,10:00-20:30,09:00-16:00,"2025-11-27: x, 2025-12-24: x, 2025-12-25: x, 2025-12-26: 10:00-14:00, 2025-12-27: 10:00-14:00, 2025-12-28: 10:00-14:00, 2025-12-29: 10:00-14:00, 2025-12-30: 10:00-14:00, 2025-12-31: x, 2026-01-01: x","Aqua-Tots Swim School in Novi provides year-round swimming lessons for kids of all ages, including swim lessons for babies and toddlers. Our world-renowned swimming instruction and 'safety first, fun every second' approach features certified swim instructors, a family-friendly environment, and state-of-the-art facility with a cozy 90° pool. Aqua-Tots serves more than 150 communities worldwide and is trusted by parents to teach five million swim lessons every year. Since 1991, we've been committed to a legacy of safety; please visit our website to learn more about swim lessons for children at Aqua-Tots.",,aqua-tots,+1 248-845-4544,,,,Yes,Yes,Yes,,,,,,,,,,,,,,,,Yes,,,,,,,,No,,Yes,,,,,,Yes,,Yes,Yes,https://www.aqua-tots.com/sign-up/?utm_source=GBP&utm_medium=Appointment&utm_campaign=Aqua-Tots%2520Swim%2520School%2520Novi,https://www.facebook.com/AquaTotsNovi/,https://www.instagram.com/aquatotsmi/,,https://www.pinterest.com/aquatotsswimschool/,,https://www.tiktok.com/@aquatotsmi,,,https://www.youtube.com/channel/UCvKVHB54fl4jpx2Y4M9t1ZA,,,No,Yes
Published,302,Aqua-Tots Swim School Ratchapruek-Chaiyapruek,ถนน ราชพฤกษ์,,,,,,Tambon Bang Phlap,,TH,11120,092 888 3526,,https://thailand.aqua-tots.com/school/ratchapruek-chaiyapruek/?utm_source=Google&utm_medium=Organic&utm_campaign=LocalSEO,Swimming school,"Swim club,Swimming pool,Swimwear store,Swimming facility,Swimming instructor,Baby swimming school",09:00-18:00,,10:00-19:00,10:00-19:00,10:00-19:00,10:00-19:00,09:00-18:00,"2026-04-13: x, 2026-04-14: x, 2026-04-15: x, 2026-04-16: x","Aqua-Tots Swim School in Amor Village at Ratchaphruek provides year-round swimming lessons for kids of all ages, including swim lessons for babies and toddlers. Our world-renowned swimming instruction and “safety first, fun every second” approach features certified swim instructors, a family-friendly environment, and state-of-the-art facility with a cozy, indoor pool. Aqua-Tots serves more than 150 communities worldwide and is trusted by parents to teach five million swim lessons every year. Since 1991, we’ve been committed to a legacy of safety; please visit our website to learn more about swim lessons for children at Aqua-Tots.",,,,,,,Yes,Yes,,,Yes,,,,,,,[NOT APPLICABLE],[NOT APPLICABLE],[NOT APPLICABLE],[NOT APPLICABLE],[NOT APPLICABLE],[NOT APPLICABLE],[NOT APPLICABLE],,,,,,,,,No,,Yes,,,,,,Yes,,Yes,,,https://www.facebook.com/AquaTotsAmorRatchapruek/,https://www.instagram.com/AquaTotsRatchapruek/,,,[NOT APPLICABLE],,[NOT APPLICABLE],,,,,No,Yes
Published,Rockwall,Aqua-Tots Swim School Rockwall,3001 Ridge Rd.,,,,,,Rockwall,TX,US,75032,(214) 771-3133,,https://www.aqua-tots.com/rockwall/?utm_source=Google&utm_medium=Organic&utm_campaign=LocalSEO,Swimming school,"Swim club,Swimming pool,Swimwear store,Swimming facility,Swimming instructor,Baby swimming school",,09:00-20:00,09:00-19:45,09:00-20:00,09:00-20:00,09:00-20:00,08:45-17:00,2026-09-07: x,"Aqua-Tots Swim School in Rockwall provides year-round swimming lessons for kids of all ages, including swim lessons for babies and toddlers. Our world-renowned swimming instruction and 'safety first, fun every second' approach features certified swim instructors, a family-friendly environment, and state-of-the-art facility with a cozy 90° pool. Aqua-Tots serves more than 150 communities worldwide and is trusted by parents to teach five million swim lessons every year. Since 1991, we've been committed to a legacy of safety; please visit our website to learn more about swim lessons for children at Aqua-Tots.",,aqua-tots,+1 214-771-3133,,,,Yes,Yes,Yes,,Yes,,,,,,,,,,,,,,,,,,,,,,No,,Yes,,,,,,Yes,,Yes,Yes,https://www.aqua-tots.com/sign-up/?utm_source=GBP&utm_medium=Appointment&utm_campaign=Aqua-Tots%2520Swim%2520School%2520Rockwall,https://www.facebook.com/AquaTotsRockwall/,https://www.instagram.com/aquatots_rockwalltx/,,https://www.pinterest.com/aquatotsswimschool/,,,,,https://www.youtube.com/@aquatots,,,No,Yes
Published,Rancho Cucamonga,Aqua-Tots Swim School Rancho Cucamonga,8750 Base Line Rd.,,,,,,Rancho Cucamonga,CA,US,91701,(909) 259-0500,,https://www.aqua-tots.com/rancho-cucamonga/?utm_source=Google&utm_medium=Organic&utm_campaign=LocalSEO,Swimming school,"Swim club,Swimming pool,Swimwear store,Swimming facility,Swimming instructor,Baby swimming school,Indoor swimming pool",09:00-14:30,12:00-20:00,10:00-20:00,10:00-19:00,12:00-20:00,10:00-19:00,09:00-14:30,,"Aqua-Tots Swim School in Rancho Cucamonga provides year-round swimming lessons for kids of all ages, including swim lessons for babies and toddlers. Our world-renowned swimming instruction and 'safety first, fun every second' approach features certified swim instructors, a family-friendly environment, and state-of-the-art facility with a cozy 90° pool. Aqua-Tots serves more than 150 communities worldwide and is trusted by parents to teach five million swim lessons every year. Since 1991, we've been committed to a legacy of safety; please visit our website to learn more about swim lessons for children at Aqua-Tots.",,aqua-tots,,,,,Yes,Yes,,,,,,,,,,,,,,,,,Yes,,,,,,,,No,,Yes,,,,,,Yes,,Yes,Yes,https://www.aqua-tots.com/sign-up/?utm_source=GBP&utm_medium=Appointment&utm_campaign=Aqua-Tots%2520Swim%2520School%2520Rancho%2520Cucamonga,https://www.facebook.com/AquaTotsRanchoCucamonga/,https://www.instagram.com/aquatotsie/,,https://www.pinterest.com/aquatotsswimschool/,,,,,https://www.youtube.com/channel/UCvKVHB54fl4jpx2Y4M9t1ZA,,,No,Yes
Published,Oviedo,Aqua-Tots Swim School Oviedo,93 Alafaya Woods Boulevard,,,,,,Oviedo,FL,US,32765,(407) 377-7337,,https://www.aqua-tots.com/oviedo/?utm_source=Google&utm_medium=Organic&utm_campaign=LocalSEO,Swimming school,"Swim club,Swimming pool,Swimwear store,Swimming facility,Swimming instructor,Baby swimming school,Public swimming pool",,09:00-20:00,12:00-20:15,09:00-20:15,09:00-20:00,12:00-20:00,08:30-15:15,2026-09-07: x,"Aqua-Tots Swim School in Oviedo provides year-round swimming lessons for kids of all ages, including swim lessons for babies and toddlers. Our world-renowned swimming instruction and ""safety first, fun every second"" approach features certified swim instructors, a family-friendly environment, and state-of-the-art facility with a cozy 90° pool. Aqua-Tots serves more than 150 communities worldwide and is trusted by parents to teach five million swim lessons every year. Since 1991, we've been committed to a legacy of safety; please visit our website to learn more about swim lessons for children at Aqua-Tots.",,,,,,,Yes,Yes,,,,,,,,,,,,,,,,,,,Yes,,,,,,No,,Yes,,,,,,Yes,,Yes,Yes,https://www.aqua-tots.com/sign-up/?utm_source=GBP&utm_medium=Appointment&utm_campaign=Aqua-Tots%2520Swim%2520School%2520Oviedo,https://www.facebook.com/aquatotsoviedo/,https://www.instagram.com/aquatotsoviedo/,,https://www.pinterest.com/aquatotsswimschool/,,https://www.tiktok.com/@aquatotsorlando,,,https://www.youtube.com/@aquatots,,,No,
Published,158,Aqua-Tots Swim School Ahwatukee,4735 East Ray Road,,,,,,Phoenix,AZ,US,85044,(480) 565-6080,,https://www.aqua-tots.com/ahwatukee/?utm_source=Google&utm_medium=Organic&utm_campaign=LocalSEO,Swimming school,"Swim club,Swimming pool,Swimming facility,Swimming instructor,Baby swimming school",,10:00-20:00,08:30-20:00,08:30-20:00,08:30-20:00,08:30-20:00,07:45-15:00,2026-09-07: x,"Aqua-Tots Swim School in Phoenix provides year-round swimming lessons for kids of all ages, including swim lessons for babies and toddlers. Our world-renowned swimming instruction and 'safety first, fun every second' approach features certified swim instructors, a family-friendly environment, and state-of-the-art facility with a cozy 90° pool. Aqua-Tots serves more than 150 communities worldwide and is trusted by parents to teach five million swim lessons every year. Since 1991, we've been committed to a legacy of safety; please visit our website to learn more about swim lessons for children at Aqua-Tots.",,aqua-tots,+1 480-565-6080,,,,Yes,Yes,Yes,,Yes,,Yes,,,,,,,,,,,,Yes,,Yes,,,,,,No,,Yes,,,,,,Yes,,Yes,Yes,https://www.aqua-tots.com/sign-up/?utm_source=GBP&utm_medium=Appointment&utm_campaign=Aqua-Tots%2520Swim%2520School%2520Ahwatukee,https://www.facebook.com/AquaTotsAhwatukee,https://www.instagram.com/aquatots_ahwatukee/,,https://www.pinterest.com/aquatotsswimschool/,,https://www.tiktok.com/@aquatotsahwatukee,,,https://www.youtube.com/@aquatots,,,No,Yes
Published,Schererville,Aqua-Tots Swim School Schererville,655 E. US Hwy. 30,,,,,,Schererville,IN,US,46375,(219) 232-5032,,https://www.aqua-tots.com/schererville/?utm_source=Google&utm_medium=Organic&utm_campaign=LocalSEO,Swimming school,"Swim club,Swimming pool,Swimwear store,Swimming facility,Swimming instructor,Baby swimming school",,09:00-19:30,09:00-19:30,09:00-19:30,09:00-19:30,09:00-19:00,09:00-14:30,2026-07-04: x,"Aqua-Tots Swim School in Schererville provides year-round swimming lessons for kids of all ages, including swim lessons for babies and toddlers. Our world-renowned swimming instruction and 'safety first, fun every second' approach features certified swim instructors, a family-friendly environment, and state-of-the-art facility with a cozy 90° pool. Aqua-Tots serves more than 150 communities worldwide and is trusted by parents to teach five million swim lessons every year. Since 1991, we've been committed to a legacy of safety; please visit our website to learn more about swim lessons for children at Aqua-Tots.",,aqua-tots,+1 219-232-5032,,,,Yes,Yes,Yes,,,,,,,,,,,,,,,,,,,,,,,,No,,Yes,,,,,,Yes,,Yes,Yes,https://www.aqua-tots.com/sign-up/?utm_source=GBP&utm_medium=Appointment&utm_campaign=Aqua-Tots%2520Swim%2520School%2520Schererville,https://www.facebook.com/AquaTotsSchererville/,https://www.instagram.com/aquatotsnwi/,,https://www.pinterest.com/aquatotsswimschool/,,https://www.tiktok.com/@aquatots_nwi,,,https://www.youtube.com/@aquatots,,,No,Yes
Published,San Antonio-1,Aqua-Tots Swim School San Antonio,2606 TPC Parkway,Ste 103,,,,,San Antonio,TX,US,78259,(210) 957-8787,,https://www.aqua-tots.com/san-antonio-stone-oak/?utm_source=Google&utm_medium=Organic&utm_campaign=LocalSEO,Swimming school,"Swim club,Swimming pool,Swimwear store,Swimming facility,Swimming instructor,Baby swimming school",,09:00-20:00,09:00-20:00,09:00-20:00,09:00-20:00,12:00-20:00,09:00-15:00,"2026-07-03: x, 2026-07-04: x, 2026-09-07: x","Aqua-Tots Swim School in San Antonio provides year-round swimming lessons for kids of all ages, including swim lessons for babies and toddlers. Our world-renowned swimming instruction and 'safety first, fun every second' approach features certified swim instructors, a family-friendly environment, and state-of-the-art facility with a cozy 90° pool. Aqua-Tots serves more than 150 communities worldwide and is trusted by parents to teach five million swim lessons every year. Since 1991, we've been committed to a legacy of safety; please visit our website to learn more about swim lessons for children at Aqua-Tots.",,aqua-tots,+1 210-957-8787,,,,Yes,Yes,Yes,Yes,,,,,,Yes,Yes,,,,,,,,,,,,,,,,No,,Yes,,,,,,Yes,,Yes,,https://www.aqua-tots.com/sign-up/?utm_source=GBP&utm_medium=Appointment&utm_campaign=Aqua-Tots%2520Swim%2520School%2520San%2520Antonio,https://www.facebook.com/AquaTotsStoneOak/,https://www.instagram.com/aquatots_stoneoak/,,https://www.pinterest.com/aquatotsswimschool/,,https://www.tiktok.com/@aquatots_stoneoak,,,https://www.youtube.com/@aquatots,,,No,Yes
Published,Helotes,Aqua-Tots Swim School Helotes,11852 Bandera Rd.,,,,,,Helotes,TX,US,78023,(210) 446-3000,,https://www.aqua-tots.com/helotes/?utm_source=Google&utm_medium=Organic&utm_campaign=LocalSEO,Swimming school,"Swim club,Swimwear store,Swimming facility,Swimming instructor,Baby swimming school,Indoor swimming pool",,09:30-19:45,12:00-19:45,12:00-19:45,12:00-20:30,09:30-19:45,08:00-14:30,,"Aqua-Tots Swim School in Helotes provides year-round swimming lessons for kids of all ages, including swim lessons for babies and toddlers. Our world-renowned swimming instruction and 'safety first, fun every second' approach features certified swim instructors, a family-friendly environment, and state-of-the-art facility with a cozy 90° pool. Aqua-Tots serves more than 150 communities worldwide and is trusted by parents to teach five million swim lessons every year. Since 1991, we've been committed to a legacy of safety; please visit our website to learn more about swim lessons for children at Aqua-Tots.",,aqua-tots,+1 210-446-3000,,,,Yes,Yes,Yes,,,,,,,,,,,,,,,,,,Yes,,,,,,No,,Yes,,,,,,Yes,,Yes,,https://www.aqua-tots.com/sign-up/?utm_source=GBP&utm_medium=Appointment&utm_campaign=Aqua-Tots%2520Swim%2520School%2520Northwest%2520San%2520Antonio,https://www.facebook.com/AquaTotsHelotes/,https://www.instagram.com/aquatotsnwsanantonio/,,https://www.pinterest.com/aquatotsswimschool/,,,,,https://www.youtube.com/@aquatots,,,No,Yes
Published,Missouri City,Aqua-Tots Swim School Missouri City,6122 Highway 6,,,,,,Missouri City,TX,US,77459,(281) 310-5555,,https://www.aqua-tots.com/missouri-city/?utm_source=Google&utm_medium=Organic&utm_campaign=LocalSEO,Swimming school,"Swim club,Swimming pool,Swimwear store,Swimming facility,Swimming instructor,Baby swimming school,Indoor swimming pool",,09:00-20:00,09:00-20:00,09:00-20:00,09:00-20:00,09:00-20:00,09:00-15:00,2026-09-07: x,"Aqua-Tots Swim School in Missouri City provides year-round swimming lessons for kids of all ages, including swim lessons for babies and toddlers. Our world-renowned swimming instruction and 'safety first, fun every second' approach features certified swim instructors, a family-friendly environment, and state-of-the-art facility with a cozy 90° pool. Aqua-Tots serves more than 150 communities worldwide and is trusted by parents to teach five million swim lessons every year. Since 1991, we've been committed to a legacy of safety; please visit our website to learn more about swim lessons for children at Aqua-Tots.",,aqua-tots,+1 281-310-5555,,,,Yes,Yes,Yes,,,,,,,,,,,,,,,,,,,,,,,,No,,Yes,,,,,,Yes,,Yes,Yes,https://www.aqua-tots.com/sign-up/?utm_source=GBP&utm_medium=Appointment&utm_campaign=Aqua-Tots%2520Swim%2520School%2520Missouri%2520City,https://www.facebook.com/AquaTotsMissouriCity/,https://www.instagram.com/aquatotsmissouricity/,,https://www.pinterest.com/aquatotsswimschool/,,,,,https://www.youtube.com/@aquatots,,,No,Yes
Published,Aqua-Tots Swim School Baniyas,Aqua-Tots Swim School Baniyas,Al Turjman Street 12,"ق P3 - Baniyas, Baniyas East",,,,,,أبو ظبي,AE,,02 552 1134,,https://www.aqua-tots.com/baniyas/?utm_source=Google&utm_medium=Organic&utm_campaign=LocalSEO,Swimming school,"Swim club,Swimming pool,Swimwear store,Swimming facility,Swimming instructor,Baby swimming school,Public swimming pool",10:00-20:00,15:00-21:00,15:00-21:00,15:00-21:00,15:00-21:00,,10:00-20:00,,"Aqua-Tots Swim School in Baniyas provides year-round swimming lessons for kids of all ages, including swim lessons for babies and toddlers. Our world-renowned swimming instruction and “safety first, fun every second” approach features certified swim instructors, a family-friendly environment, and state-of-the-art facility with a cozy 90° pool. Aqua-Tots serves more than 150 communities worldwide and is trusted by parents to teach five million swim lessons every year. Since 1991, we’ve been committed to a legacy of safety; please visit our website to learn more about swim lessons for children at Aqua-Tots.",2024-06-01,,,,,,,,,,,,,,,[NOT APPLICABLE],[NOT APPLICABLE],[NOT APPLICABLE],[NOT APPLICABLE],[NOT APPLICABLE],[NOT APPLICABLE],[NOT APPLICABLE],[NOT APPLICABLE],[NOT APPLICABLE],,,,,,,,,No,,Yes,,,,,,,,Yes,Yes,https://www.aqua-tots.com/sign-up/?utm_source=GBP&utm_medium=Appointment&utm_campaign=Aqua-Tots%2520Swim%2520School%2520Baniyas,https://www.facebook.com/AquaTotsBaniyas,https://www.instagram.com/aquatotsbaniyas/,,https://www.pinterest.com/aquatotsswimschool/,,,https://wa.me/97125521134,,https://www.youtube.com/@aquatots,,,No,
Published,232-1,Aqua-Tots Swim School Prawet,243 Chaloem Phrakiat Ratchakan Thi 9 Road,,,,,,Prawet,,TH,10250,065 081 7234,,https://www.aqua-tots.com/prawet/?utm_source=Google&utm_medium=Organic&utm_campaign=LocalSEO,Swimming school,"Swim club,Swimming pool,Swimwear store,Swimming facility,Swimming instructor,Baby swimming school,Public swimming pool",09:00-18:00,09:30-18:30,09:30-18:30,09:30-18:30,14:00-18:30,09:30-18:30,09:00-18:00,"2025-04-13: x, 2025-04-14: x, 2025-04-15: x, 2025-04-16: 09:30-18:30","Aqua-Tots Swim School in Prawet provides year-round swimming lessons for kids of all ages, including swim lessons for babies and toddlers. Our world-renowned swimming instruction and “safety first, fun every second” approach features certified swim instructors, a family-friendly environment, and state-of-the-art facility with a cozy 90° pool. Aqua-Tots serves more than 150 communities worldwide and is trusted by parents to teach five million swim lessons every year. Since 1991, we’ve been committed to a legacy of safety; please visit our website to learn more about swim lessons for children at Aqua-Tots.",,,,,,,Yes,Yes,Yes,Yes,,,,,,,,[NOT APPLICABLE],[NOT APPLICABLE],[NOT APPLICABLE],[NOT APPLICABLE],[NOT APPLICABLE],[NOT APPLICABLE],[NOT APPLICABLE],,,,,,,,,No,,,,,,,,,,,,https://www.aqua-tots.com/sign-up/?utm_source=GBP&utm_medium=Appointment&utm_campaign=Aqua-Tots%2520Swim%2520School%2520Prawet,https://www.facebook.com/AquaTotsPrawet,https://www.instagram.com/aquatotsprawet/,,https://www.pinterest.com/aquatotsswimschool/,[NOT APPLICABLE],https://www.tiktok.com/@aquatots.prawet,[NOT APPLICABLE],,https://www.youtube.com/@aquatots,,,No,Yes
Published,Woodhaven,Aqua-Tots Swim School Woodhaven,21621 Allen Rd.,,,,,,Woodhaven,MI,US,48183,(734) 818-8111,,https://www.aqua-tots.com/woodhaven?utm_source=Google&utm_medium=Organic&utm_campaign=LocalSEO,Swimming school,"Swim club,Swimming pool,Swimming facility,Swimming instructor,Baby swimming school",10:00-14:30,10:00-19:30,10:00-19:00,10:00-14:00,10:00-19:30,10:00-19:00,10:00-14:00,"2025-11-27: x, 2025-12-24: x, 2025-12-25: x, 2025-12-26: 10:00-14:00, 2025-12-27: 10:00-14:00, 2025-12-28: 10:00-14:00, 2025-12-29: 10:00-14:00, 2025-12-30: 10:00-14:00, 2025-12-31: x, 2026-01-01: x","Aqua-Tots Swim School in Woodhaven provides year-round swimming lessons for kids of all ages, including swim lessons for babies and toddlers. Our world-renowned swimming instruction and 'safety first, fun every second' approach features certified swim instructors, a family-friendly environment, and state-of-the-art facility with a cozy 90° pool. Aqua-Tots serves more than 150 communities worldwide and is trusted by parents to teach five million swim lessons every year. Since 1991, we've been committed to a legacy of safety; please visit our website to learn more about swim lessons for children at Aqua-Tots.",,aqua-tots,(734) 818-8111,,,,Yes,Yes,,,,,,,,,,,,,,,,,Yes,,,,,,,,No,,Yes,,,,,,Yes,,Yes,,https://www.aqua-tots.com/sign-up/?utm_source=GBP&utm_medium=Appointment&utm_campaign=Aqua-Tots%2520Swim%2520School%2520Woodhaven,https://www.facebook.com/AquaTotsWoodhaven/,https://www.instagram.com/aquatotsmi/,,https://www.pinterest.com/aquatotsswimschool/,,https://www.tiktok.com/@aquatotsmi,,,https://www.youtube.com/channel/UCvKVHB54fl4jpx2Y4M9t1ZA,,Yes,No,Yes
Published,174,Aqua-Tots Swim School Muscat,Hay Al Kawthar 3454 1,Seeb Club,,,,,Seeb,,OM,128,24 288000,,https://www.aqua-tots.com/muscat?utm_source=Google&utm_medium=Organic&utm_campaign=GMB&utm_source=Google&utm_medium=Organic&utm_campaign=LocalSEO,Swimming school,"Swim club,Swimming pool,Swimwear store,Swimming facility,Swimming instructor,Baby swimming school,Public swimming pool",10:00-21:00,10:00-21:00,10:00-21:00,10:00-21:00,10:00-21:00,10:00-17:00,10:00-21:00,"2026-01-15: x, 2026-01-16: 10:00-18:00, 2026-03-19: x, 2026-03-20: x, 2026-03-21: x, 2026-03-22: x, 2026-03-23: x","Aqua-Tots Swim School in Muscat provides year-round swimming lessons for kids of all ages, including swim lessons for babies and toddlers. Our world-renowned swimming instruction and “safety first, fun every second” approach features certified swim instructors, a family-friendly environment, and state-of-the-art facility with a cozy 90° pool. Aqua-Tots serves more than 150 communities worldwide and is trusted by parents to teach five million swim lessons every year. Since 1991, we’ve been committed to a legacy of safety; please visit our website to learn more about swim lessons for children at Aqua-Tots.",2017-05-05,"kids swimming lessons in muscat oman, toddler swimming lessons in muscat oman, baby swimming lessons in muscat oman, swimming instructor in muscat oman, swim, private pool, private swim, سباحة, حوض سباحة",+968 24 288000,,,,Yes,Yes,Yes,Yes,,,,,,[NOT APPLICABLE],[NOT APPLICABLE],[NOT APPLICABLE],[NOT APPLICABLE],[NOT APPLICABLE],[NOT APPLICABLE],[NOT APPLICABLE],[NOT APPLICABLE],[NOT APPLICABLE],,,,,,,,,No,,Yes,,,,,,,,Yes,Yes,https://www.aqua-tots.com/muscat/enroll-now/,https://www.facebook.com/AquaTotsMuscat/,https://www.instagram.com/aquatots_om/,,,,https://www.tiktok.com/@aquatots_om,https://wa.me/96824288000,,https://www.youtube.com/@aquatotsmuscat4375,,,No,Yes
Published,Lone Tree,Aqua-Tots Swim School Lone Tree,7600 Park Meadows Drive,,,,,,Lone Tree,CO,US,80124,(303) 731-1363,,https://www.aqua-tots.com/lone-tree/?utm_source=Google&utm_medium=Organic&utm_campaign=LocalSEO,Swimming school,"Swim club,Swimming pool,Swimwear store,Swimming facility,Swimming instructor,Baby swimming school",09:00-15:30,09:00-19:45,09:00-19:45,09:00-19:45,09:00-19:45,09:00-19:45,09:00-15:15,2026-09-07: x,"Aqua-Tots Swim School in Lone Tree provides year-round swimming lessons for kids of all ages, including swim lessons for babies and toddlers. Our world-renowned swimming instruction and 'safety first, fun every second' approach features certified swim instructors, a family-friendly environment, and state-of-the-art facility with a cozy 90° pool. Aqua-Tots serves more than 150 communities worldwide and is trusted by parents to teach five million swim lessons every year. Since 1991, we've been committed to a legacy of safety; please visit our website to learn more about swim lessons for children at Aqua-Tots.",2016-05-16,aqua-tots,+1 303-731-1363,,,,Yes,Yes,Yes,,,,,,,,,,,,,,,,,,,,,,,,No,,Yes,,,,,,Yes,,Yes,,https://www.aqua-tots.com/lone-tree/sign-up/,https://www.facebook.com/AquaTotsLoneTree,https://www.instagram.com/aquatotsofficial/,,,,,,,https://www.youtube.com/@aquatots,,,No,Yes
Published,Tustin,Aqua-Tots Swim School Tustin,1200 Irvine Boulevard,,,,,,Tustin,CA,US,92780,(714) 613-8700,,https://www.aqua-tots.com/tustin/?utm_source=Google&utm_medium=Organic&utm_campaign=LocalSEO,Swimming school,"Swim club,Swimming pool,Swimwear store,Swimming facility,Swimming instructor,Baby swimming school",09:00-14:30,10:00-20:00,09:00-20:00,09:00-20:00,10:00-20:00,09:00-20:00,09:00-14:30,"2026-09-05: x, 2026-09-06: x, 2026-09-07: x","Aqua-Tots Swim School in Tustin provides year-round swimming lessons for kids of all ages, including swim lessons for babies and toddlers. Our world-renowned swimming instruction and 'safety first, fun every second' approach features certified swim instructors, a family-friendly environment, and state-of-the-art facility with a cozy 90° pool. Aqua-Tots serves more than 150 communities worldwide and is trusted by parents to teach five million swim lessons every year. Since 1991, we've been committed to a legacy of safety; please visit our website to learn more about swim lessons for children at Aqua-Tots.",,aqua-tots,,,,,Yes,Yes,,,,,,,,,,,,,,,,,Yes,,,,,,,,No,,Yes,,,,,,Yes,,Yes,Yes,https://www.aqua-tots.com/tustin/enroll-now/,https://www.facebook.com/aquatotsswimschoolstustin,https://www.instagram.com/aquatotsoc/,,,,https://www.tiktok.com/@aquatotsoc,,,https://www.youtube.com/channel/UCvKVHB54fl4jpx2Y4M9t1ZA,,Yes,No,Yes
Published,Sterling Heights,Aqua-Tots Swim School Sterling Heights,44891 Hayes Rd.,,,,,,Sterling Heights,MI,US,48313,(586) 884-3633,,https://www.aqua-tots.com/sterling-heights/?utm_source=Google&utm_medium=Organic&utm_campaign=LocalSEO,Swimming school,"Swim club,Swimming pool,Swimwear store,Swimming facility,Swimming instructor,Baby swimming school",09:00-15:00,09:45-20:00,09:45-21:00,09:45-20:30,09:45-21:00,09:45-20:00,09:00-15:00,,"Aqua-Tots Swim School in Sterling Heights provides year-round swimming lessons for kids of all ages, including swim lessons for babies and toddlers. Our world-renowned swimming instruction and 'safety first, fun every second' approach features certified swim instructors, a family-friendly environment, and state-of-the-art facility with a cozy 90° pool. Aqua-Tots serves more than 150 communities worldwide and is trusted by parents to teach five million swim lessons every year. Since 1991, we've been committed to a legacy of safety; please visit our website to learn more about swim lessons for children at Aqua-Tots.",,aqua-tots,+1 586-884-3633,,,,Yes,Yes,Yes,,,,,,,,,,,,,,,,Yes,,Yes,,Yes,,,,No,,Yes,,,,,,Yes,,Yes,,https://www.aqua-tots.com/sign-up/?utm_source=GBP&utm_medium=Appointment&utm_campaign=Aqua-Tots%2520Swim%2520School%2520Sterling%2520Heights,https://www.facebook.com/AquaTotsSterlingHeights/,https://www.instagram.com/aquatotsmi/,,https://www.pinterest.com/aquatotsswimschool/,,https://www.tiktok.com/@aquatotsmi,,,https://www.youtube.com/channel/UCvKVHB54fl4jpx2Y4M9t1ZA,,,No,Yes
Published,Sarasota,Aqua-Tots Swim School Sarasota,3750 S. Tuttle Ave,,,,,,Sarasota,FL,US,34239,(941) 957-9089,,https://www.aqua-tots.com/sarasota/?utm_source=Google&utm_medium=Organic&utm_campaign=LocalSEO,Swimming school,"Swim club,Swimming pool,Swimwear store,Swimming facility,Swimming instructor,Baby swimming school,Indoor swimming pool",09:00-13:00,09:00-19:00,09:00-19:00,09:00-19:00,09:00-19:00,,09:00-17:00,"2026-07-04: x, 2026-07-05: x, 2026-09-07: x","Aqua-Tots Swim School in Sarasota provides year-round swimming lessons for kids of all ages, including swim lessons for babies and toddlers. Our world-renowned swimming instruction and 'safety first, fun every second' approach features certified swim instructors, a family-friendly environment, and state-of-the-art facility with a cozy 90° pool. Aqua-Tots serves more than 150 communities worldwide and is trusted by parents to teach five million swim lessons every year. Since 1991, we've been committed to a legacy of safety; please visit our website to learn more about swim lessons for children at Aqua-Tots.",,aqua-tots,,,,,Yes,Yes,,,,,,,,,,,,,,,,,,,,,,,,,No,,Yes,,,,,,Yes,,Yes,,https://www.aqua-tots.com/sign-up/?utm_source=GBP&utm_medium=Appointment&utm_campaign=Aqua-Tots%2520Swim%2520School%2520Sarasota,https://www.facebook.com/AquaTotsSarasota/,https://www.instagram.com/aquatotssarasota/,,https://www.pinterest.com/aquatotsswimschool/,,https://www.tiktok.com/@aquatotssrq,,,https://www.youtube.com/@aquatots,,,No,Yes
Published,Richmond,Aqua-Tots Swim School Richmond - Midlothian,1205 Carmia Way,,,,,,Bon Air,VA,US,23235,(804) 205-1184,,https://www.aqua-tots.com/richmond-midlothian/?utm_source=Google&utm_medium=Organic&utm_campaign=LocalSEO,Swimming school,"Swim club,Swimwear store,Swimming facility,Swimming instructor,Baby swimming school,Indoor swimming pool",,09:00-20:00,09:00-20:00,09:00-20:00,09:00-20:00,09:00-20:00,08:00-13:30,,"Aqua-Tots Swim Schools Midlothian is located in Richmond, Virginia and provides year-round swimming lessons for kids of all ages, including swim lessons for babies and toddlers. Our world-renowned swimming instruction and 'safety first, fun every second' approach features certified swim instructors, a family-friendly environment, and state-of-the-art facility with a cozy 90° pool. Aqua-Tots serves more than 150 communities worldwide and is trusted by parents to teach five million swim lessons every year. We're conveniently located right off the Midlothian turnpike near Chesterfield Marketplace.",,aqua-tots,+1 804-205-1184,,,,Yes,Yes,Yes,Yes,,,,,,,,,,,,,,,,,,,,,,,No,,Yes,,,,,,Yes,,Yes,Yes,https://www.aqua-tots.com/sign-up/?utm_source=GBP&utm_medium=Appointment&utm_campaign=Aqua-Tots%2520Swim%2520School%2520Richmond%2520-%2520Midlothian,https://www.facebook.com/AquaTotsMidlothian/,https://www.instagram.com/aquatotsmidlo/,,https://www.pinterest.com/aquatotsswimschool/,,https://www.tiktok.com/@aquatotsrichmondva,,,https://www.youtube.com/@aquatots,,,No,Yes
Published,147,Aqua-Tots Swim School Brownsville,3340 Pablo Kisel Boulevard,Ste C-204,,,,,Brownsville,TX,US,78526,(956) 542-7946,,https://www.aqua-tots.com/brownsville?utm_source=Google&utm_medium=Organic&utm_campaign=LocalSEO,Swimming school,"Swim club,Swimming pool,Swimwear store,Swimming facility,Swimming instructor,Baby swimming school",,"09:00-13:00, 14:30-20:00","09:00-13:00, 14:30-20:00","09:00-13:00, 14:30-20:00","09:00-13:00, 14:30-20:00","09:00-13:00, 14:30-20:00",09:00-14:00,"2026-07-04: x, 2026-09-07: x","Aqua-Tots Swim School in Brownsville provides year-round swimming lessons for kids of all ages, including swim lessons for babies and toddlers. Our world-renowned swimming instruction and 'safety first, fun every second' approach features certified swim instructors, a family-friendly environment, and state-of-the-art facility with a cozy 90° pool. Aqua-Tots serves more than 150 communities worldwide and is trusted by parents to teach five million swim lessons every year. Since 1991, we've been committed to a legacy of safety; please visit our website to learn more about swim lessons for children at Aqua-Tots.",,aqua-tots,+1 956-542-7946,,,,Yes,Yes,Yes,,,,,,,,,,,,,,,,,,,,,,,,No,,Yes,,,,,,Yes,,Yes,Yes,https://www.aqua-tots.com/sign-up/?utm_source=GBP&utm_medium=Appointment&utm_campaign=Aqua-Tots%2520Swim%2520School%2520Brownsville,https://www.facebook.com/AquaTotsBrownsville/,https://www.instagram.com/aquatots_brownsville/,,https://www.pinterest.com/aquatotsswimschool/,,https://www.tiktok.com/@aquatots_brownsville,,,https://www.youtube.com/@aquatots,,Yes,No,Yes
Published,272,Aqua-Tots Swim School Alsafa,King Saud Street 7577,,,,,,Dammam,,SA,,050 801 9191,,https://www.aqua-tots.com/al-safa/?utm_source=Google&utm_medium=Organic&utm_campaign=LocalSEO,Swimming school,"Swim club,Swimming pool,Swimwear store,Swimming facility,Swimming instructor,Baby swimming school,Public swimming pool",13:00-21:00,13:00-21:00,13:00-21:00,13:00-21:00,13:00-21:00,13:00-21:00,11:00-19:00,,"Aqua-Tots Swim School in Dammam provides year-round swimming lessons for kids of all ages, including swim lessons for babies and toddlers. Our world-renowned swimming instruction and “safety first, fun every second” approach features certified swim instructors, a family-friendly environment, and state-of-the-art facility with a cozy 90° pool. Aqua-Tots serves more than 150 communities worldwide and is trusted by parents to teach five million swim lessons every year. Since 1991, we’ve been committed to a legacy of safety; please visit our website to learn more about swim lessons for children at Aqua-Tots.",,,,,,,Yes,Yes,,,,,,,,[NOT APPLICABLE],[NOT APPLICABLE],[NOT APPLICABLE],[NOT APPLICABLE],[NOT APPLICABLE],[NOT APPLICABLE],[NOT APPLICABLE],[NOT APPLICABLE],[NOT APPLICABLE],,,,,,,,,No,,Yes,,,,,,,,Yes,Yes,https://www.aqua-tots.com/sign-up/?utm_source=GBP&utm_medium=Appointment&utm_campaign=Aqua-Tots%2520Swim%2520School%2520Al%2520Safa,https://www.facebook.com/AquatotsKsa/,https://www.instagram.com/aquatots_ksa/,,https://www.pinterest.com/aquatotsswimschool/,,,https://wa.me/966508019191,,https://www.youtube.com/@aquatots,,,No,
Published,Roswell,Aqua-Tots Swim School Roswell,1145 Woodstock Road,,,,,,Roswell,GA,US,30075,(404) 495-4872,,https://www.aqua-tots.com/roswell/?utm_source=Google&utm_medium=Organic&utm_campaign=LocalSEO,Swimming school,"Swim club,Swimwear store,Swimming facility,Swimming instructor,Baby swimming school,Indoor swimming pool",09:15-13:30,12:00-19:30,12:00-20:00,12:00-19:30,12:00-19:00,,08:30-14:00,"2026-07-03: x, 2026-07-04: x","Aqua-Tots Swim School in Roswell provides year-round swimming lessons for kids of all ages, including swim lessons for babies and toddlers. Our world-renowned swimming instruction and 'safety first, fun every second' approach features certified swim instructors, a family-friendly environment, and state-of-the-art facility with a cozy 90° pool. Aqua-Tots serves more than 150 communities worldwide and is trusted by parents to teach five million swim lessons every year. Since 1991, we've been committed to a legacy of safety; please visit our website to learn more about swim lessons for children at Aqua-Tots.",,aqua-tots,+1 404-495-4872,,,,Yes,Yes,,,,,,,,,,,,,,,,,,,,,,,,,No,,Yes,,,,,,Yes,,Yes,Yes,https://www.aqua-tots.com/sign-up/?utm_source=GBP&utm_medium=Appointment&utm_campaign=Aqua-Tots%2520Swim%2520School%2520Roswell,https://www.facebook.com/AquaTotsRoswell/,https://www.instagram.com/aquatots_roswell/,,https://www.pinterest.com/aquatotsswimschool/,,https://www.tiktok.com/@aquatots_roswell,,,https://www.youtube.com/@aquatots,,,No,Yes
Published,236,Aqua-Tots Swim School East Cobb,1255 Johnson Ferry Road,Suite 30,,,,,Marietta,GA,US,30068,(404) 566-6875,,https://www.aqua-tots.com/east-cobb/?utm_source=Google&utm_medium=Organic&utm_campaign=LocalSEO,Swimming school,"Swim club,Swimming pool,Swimwear store,Swimming facility,Swimming instructor,Baby swimming school",08:30-13:30,12:00-19:30,12:00-19:30,12:00-19:30,12:00-19:30,09:15-19:30,08:00-13:15,2026-09-07: x,"Aqua-Tots Swim School in East Cobb provides year-round swimming lessons for kids of all ages, including swim lessons for babies and toddlers. Our world-renowned swimming instruction and 'safety first, fun every second' approach features certified swim instructors, a family-friendly environment, and state-of-the-art facility with a cozy 90° pool. Aqua-Tots serves more than 150 communities worldwide and is trusted by parents to teach five million swim lessons every year. Since 1991, we've been committed to a legacy of safety; please visit our website to learn more about swim lessons for children at Aqua-Tots.",,aqua-tots,,,,,Yes,Yes,Yes,Yes,,,,,,,,,,,,,,,Yes,,,,,,,,No,,Yes,,,,,,Yes,,Yes,Yes,https://www.aqua-tots.com/sign-up/?utm_source=GBP&utm_medium=Appointment&utm_campaign=Aqua-Tots%2520Swim%2520School%2520East%2520Cobb,https://www.facebook.com/AquaTotsEastCobb,https://www.instagram.com/aquatots_eastcobb/,,https://www.pinterest.com/aquatotsswimschool/,,,,,https://www.youtube.com/@aquatots,,Yes,No,Yes
Published,10906666667056902189,Aqua-Tots Swim School Sabah Al-Salem,Abdul Aziz Bin Abdulrahman Al Saud Road 280,"Top Salon Building, Elite Complex",,,,,Sabah Al Salem,,KW,44001,2227 0067,,http://aqua-tots.com/sabah-al-salem,Swimming school,"Swim club,Swimming pool,Swimwear store,Swimming facility,Swimming instructor,Baby swimming school",10:00-20:00,10:00-20:00,10:00-20:00,10:00-20:00,10:00-20:00,,10:00-20:00,,"Aqua-Tots Swim School in Sabah Al-Salem provides year-round swimming lessons for kids of all ages, including swim lessons for babies and toddlers. Our world-renowned swimming instruction and “safety first, fun every second” approach features certified swim instructors, a family-friendly environment, and state-of-the-art facility with a cozy 32° pool. Aqua-Tots serves more than 185 communities worldwide and is trusted by parents to teach five million swim lessons every year. Since 1991, we’ve been committed to a legacy of safety; please visit our website to learn more about swim lessons for children at Aqua-Tots.",,,,,,,Yes,Yes,Yes,,,,Yes,,,[NOT APPLICABLE],[NOT APPLICABLE],[NOT APPLICABLE],[NOT APPLICABLE],[NOT APPLICABLE],[NOT APPLICABLE],[NOT APPLICABLE],[NOT APPLICABLE],[NOT APPLICABLE],Yes,,Yes,,,,,,No,Yes,Yes,,,,,,Yes,Yes,Yes,Yes,,https://www.facebook.com/AquaTotsKWT,https://www.instagram.com/aquatotskw/,,,,,https://wa.me/96560027440,,,WhatsApp (whatsapp),,,
Published,155,Aqua-Tots Swim School Al Malqa,3945 Nawar Valley Al Malqa,,,,,,Riyadh,,SA,,050 444 1515,,https://www.aqua-tots.com/riyadh-al-malqa/?utm_source=Google&utm_medium=Organic&utm_campaign=LocalSEO,Swimming school,"Swim club,Swimming pool,Swimwear store,Swimming facility,Swimming instructor,Baby swimming school,Public swimming pool",13:00-21:00,13:00-21:00,13:00-21:00,13:00-21:00,13:00-21:00,,11:00-19:00,"2026-05-26: x, 2026-05-27: x, 2026-05-28: x, 2026-05-29: x, 2026-05-30: x, 2026-05-31: x, 2026-06-01: x","Aqua-Tots Swim School in Riyadh provides year-round swimming lessons for kids of all ages, including swim lessons for babies and toddlers. Our world-renowned swimming instruction and “safety first, fun every second” approach features certified swim instructors, a family-friendly environment, and state-of-the-art facility with a cozy 90° pool. Aqua-Tots serves more than 150 communities worldwide and is trusted by parents to teach five million swim lessons every year. Since 1991, we’ve been committed to a legacy of safety; please visit our website to learn more about swim lessons for children at Aqua-Tots.",2016-05-04,"Aqua tots Aqua tots, Riyadh Aqua tots Saudi, Aqua tots Al malqa, tots Al-malqa Aqua tots, Riyadh Aquatots Saudi, اكواتوتس السعودية, اكواتوتس الملقا اكواتوتس ملقا, اكواتوتس الرياض, اكوا توتس ملقا, aqua tots",+966 50 444 1515,,,,Yes,Yes,Yes,,Yes,,,,,[NOT APPLICABLE],[NOT APPLICABLE],[NOT APPLICABLE],[NOT APPLICABLE],[NOT APPLICABLE],[NOT APPLICABLE],[NOT APPLICABLE],[NOT APPLICABLE],[NOT APPLICABLE],,,,,,,,,No,,Yes,,,,,,,,Yes,Yes,https://www.aqua-tots.com/sign-up/?utm_source=GBP&utm_medium=Appointment&utm_campaign=Aqua-Tots%2520Swim%2520School%2520Almalqa,https://www.facebook.com/AquatotsKsa/,https://www.instagram.com/aquatots_ksa/,,https://www.pinterest.com/aquatotsswimschool/,,,https://wa.me/966504441515,,https://www.youtube.com/c/Aquatotsksa,,Yes,No,Yes
Published,Mcallen-1,Aqua-Tots Swim School South McAllen,4901 West Expressway 83,,,,,,McAllen,TX,US,78503,(956) 687-7946,,https://www.aqua-tots.com/south-mcallen/?utm_source=Google&utm_medium=Organic&utm_campaign=LocalSEO,Swimming school,"Swim club,Swimming pool,Swimwear store,Swimming facility,Swimming instructor,Baby swimming school",11:00-13:00,"09:00-13:00, 14:30-20:00","09:00-13:00, 14:30-20:00","09:00-13:00, 14:30-20:00","09:00-13:00, 14:30-20:00",14:30-20:00,09:00-14:00,"2026-07-04: x, 2026-09-07: x","Aqua-Tots Swim School in Mcallen provides year-round swimming lessons for kids of all ages, including swim lessons for babies and toddlers. Our world-renowned swimming instruction and 'safety first, fun every second' approach features certified swim instructors, a family-friendly environment, and state-of-the-art facility with a cozy 90° pool. Aqua-Tots serves more than 150 communities worldwide and is trusted by parents to teach five million swim lessons every year. Since 1991, we've been committed to a legacy of safety; please visit our website to learn more about swim lessons for children at Aqua-Tots.",,aqua-tots,+1 956-687-7946,,,,Yes,Yes,,,,,,,,,,,,,,,,,,,,,,,,,No,,Yes,,,,,,Yes,,Yes,Yes,https://www.aqua-tots.com/sign-up/?utm_source=GBP&utm_medium=Appointment&utm_campaign=Aqua-Tots%2520Swim%2520School%2520South%2520McAllen,https://www.facebook.com/AquaTotsMcAllen/,https://www.instagram.com/aquatots_mcallen/,,https://www.pinterest.com/aquatotsswimschool/,,https://www.tiktok.com/@aquatotssouthmcallen,,,https://www.youtube.com/@aquatots,,,No,Yes
Published,198-1,Aqua-Tots Swim School Fort Worth/Alliance,3529 Heritage Trace Parkway,,,,,,Fort Worth,TX,US,76244,(817) 439-7700,,https://www.aqua-tots.com/alliance-keller?utm_source=Google&utm_medium=Organic&utm_campaign=LocalSEO,Swimming school,"Swim club,Swimming pool,Swimwear store,Swimming facility,Swimming instructor,Baby swimming school",,09:00-20:30,09:00-20:30,09:00-20:30,09:00-20:30,09:00-20:30,08:00-16:00,,"Aqua-Tots Swim School in Fort Worth provides year-round swimming lessons for kids of all ages, including swim lessons for babies and toddlers. Our world-renowned swimming instruction and 'safety first, fun every second' approach features certified swim instructors, a family-friendly environment, and state-of-the-art facility with a cozy 90° pool. Aqua-Tots serves more than 150 communities worldwide and is trusted by parents to teach five million swim lessons every year. Since 1991, we've been committed to a legacy of safety; please visit our website to learn more about swim lessons for children at Aqua-Tots.",,aqua-tots,+1 817-439-7700,,,,Yes,Yes,Yes,,,,,,,,,,,,,,,,,,,,,,,,No,,Yes,,,,,,Yes,,Yes,Yes,https://www.aqua-tots.com/sign-up/?utm_source=GBP&utm_medium=Appointment&utm_campaign=Aqua-Tots%2520Swim%2520School%2520Fort%2520Worth/Alliance,https://www.facebook.com/AquaTotsAllianceKeller/,https://www.instagram.com/aquatotsofficial/,,https://www.pinterest.com/aquatotsswimschool/,,,,,https://www.youtube.com/@aquatots,,,No,Yes
Published,North Indianapolis,Aqua-Tots Swim School North Indianapolis,4825 E. 96th St.,,,,,,Indianapolis,IN,US,46240,(317) 559-3210,,https://www.aqua-tots.com/north-indianapolis/?utm_source=Google&utm_medium=Organic&utm_campaign=LocalSEO,Swimming school,"Swim club,Swimwear store,Swimming facility,Swimming instructor,Indoor swimming pool",08:00-15:00,09:00-20:00,09:00-20:00,09:00-20:00,13:00-21:00,,08:00-15:00,"2026-09-05: x, 2026-09-06: x, 2026-09-07: x","Aqua-Tots Swim School in North Indianapolis provides year-round swimming lessons for kids of all ages, including swim lessons for babies and toddlers. Our world-renowned swimming instruction and 'safety first, fun every second' approach features certified swim instructors, a family-friendly environment, and state-of-the-art facility with a cozy 90° pool. Aqua-Tots serves more than 150 communities worldwide and is trusted by parents to teach five million swim lessons every year. Since 1991, we've been committed to a legacy of safety; please visit our website to learn more about swim lessons for children at Aqua-Tots.",,aqua-tots,+1 317-559-3210,,,,Yes,Yes,Yes,,,,,,,,,,,,,,,,,,,,,,,,No,,Yes,,,,,,Yes,,Yes,Yes,https://www.aqua-tots.com/sign-up/?utm_source=GBP&utm_medium=Appointment&utm_campaign=Aqua-Tots%2520Swim%2520School%2520North%2520Indianapolis,https://www.facebook.com/AquaTotsNorthIndianapolis/,https://www.instagram.com/aquatotsnorthindy/,,https://www.pinterest.com/aquatotsswimschool/,,,,,https://www.youtube.com/@aquatots,,Yes,No,Yes
Published,200-1,Aqua-Tots Swim School Burlington,3410 Mainway,,,,,,Burlington,ON,CA,L7M 1A8,(905) 331-3393,,https://www.aqua-tots.com/burlington/?utm_source=google&utm_medium=organic&utm_campaign=local-seo,Swimming school,"Swim club,Swimming facility,Baby swimming school,Indoor swimming pool",08:30-18:00,13:00-20:00,09:00-20:00,09:00-20:00,09:00-20:00,,08:30-16:00,,"Aqua-Tots Swim School in Burlington provides year-round swimming lessons for kids of all ages, including swim lessons for babies and toddlers. Our world-renowned swimming instruction and 'safety first, fun every second' approach features certified swim instructors, a family-friendly environment, and state-of-the-art facility with a cozy 90° pool. Aqua-Tots serves more than 150 communities worldwide and is trusted by parents to teach five million swim lessons every year. Since 1991, we've been committed to a legacy of safety; please visit our website to learn more about swim lessons for children at Aqua-Tots.",,aqua-tots,,,,,Yes,Yes,Yes,Yes,,,,,,,,[NOT APPLICABLE],[NOT APPLICABLE],[NOT APPLICABLE],[NOT APPLICABLE],[NOT APPLICABLE],[NOT APPLICABLE],[NOT APPLICABLE],,,,,,,,,No,,Yes,,,,,,Yes,,Yes,Yes,https://www.aqua-tots.com/sign-up/?utm_source=GBP&utm_medium=Appointment&utm_campaign=Aqua-Tots%2520Swim%2520School%2520Burlington,https://www.facebook.com/AquaTotsBurlington,https://www.instagram.com/aquatotsburlington/,,https://www.pinterest.com/aquatotsswimschool/,,https://www.tiktok.com/@aquatotsburlington,,,https://www.youtube.com/@aquatots,,,No,Yes
Published,Lexington-1,Aqua-Tots Swim School Lexington-Hamburg,2300 Sir Barton Way,,,,,,Lexington,KY,US,40509,(859) 475-1205,,https://www.aqua-tots.com/hamburg/?utm_source=Google&utm_medium=Organic&utm_campaign=LocalSEO,Swimming school,"Swim club,Swimming pool,Swimwear store,Swimming facility,Swimming instructor,Baby swimming school",08:00-17:00,08:30-20:30,14:00-20:30,08:30-20:30,08:30-20:30,,08:00-15:00,,"Aqua-Tots Swim School in Lexington provides year-round swimming lessons for kids of all ages, including swim lessons for babies and toddlers. Our world-renowned swimming instruction and 'safety first, fun every second' approach features certified swim instructors, a family-friendly environment, and state-of-the-art facility with a cozy 90° pool. Aqua-Tots serves more than 150 communities worldwide and is trusted by parents to teach five million swim lessons every year. Since 1991, we've been committed to a legacy of safety; please visit our website to learn more about swim lessons for children at Aqua-Tots.",,aqua-tots,,,,,Yes,Yes,Yes,Yes,,,,,,,,,,,,,,,,,,,,,,,No,,Yes,,,,,,Yes,,Yes,Yes,https://www.aqua-tots.com/sign-up/?utm_source=GBP&utm_medium=Appointment&utm_campaign=Aqua-Tots%2520Swim%2520School%2520Lexington-Hamburg,https://www.facebook.com/AquaTotsLexHamburg,https://www.instagram.com/aquatotslex/,,https://www.pinterest.com/aquatotsswimschool/,,,,,https://www.youtube.com/@aquatots,,,No,
Published,Aqua-Tots Swim School Beirut Uptown,Aqua-Tots Swim School Beirut Uptown,Antelias Road,"B1 Level, Bloc 1318",,,,,Beirut,,LB,,81 101 014,04 412 234,https://www.aqua-tots.com/beirut-uptown/?utm_source=Google&utm_medium=Organic&utm_campaign=LocalSEO,Swimming school,"Swim club,Swimming pool,Swimwear store,Swimming facility,Swimming instructor,Baby swimming school,Public swimming pool",,12:00-20:00,12:00-20:00,12:00-20:00,12:00-20:00,12:00-20:00,08:00-14:00,"2023-12-25: x, 2024-01-01: x, 2024-03-29: 08:00-14:00, 2024-03-31: x, 2024-04-01: x, 2024-05-01: x, 2024-05-03: 08:00-14:00, 2024-05-05: x","Aqua-Tots Swim School in Beirut provides year-round swimming lessons for kids of all ages, including swim lessons for babies and toddlers. Our world-renowned swimming instruction and “safety first, fun every second” approach features certified swim instructors, a family-friendly environment, and state-of-the-art facility with a cozy 90° pool. Aqua-Tots serves more than 150 communities worldwide and is trusted by parents to teach five million swim lessons every year. Since 1991, we’ve been committed to a legacy of safety; please visit our website to learn more about swim lessons for children at Aqua-Tots.",,,,,,,Yes,Yes,,,,,,,,[NOT APPLICABLE],,[NOT APPLICABLE],[NOT APPLICABLE],[NOT APPLICABLE],[NOT APPLICABLE],[NOT APPLICABLE],[NOT APPLICABLE],[NOT APPLICABLE],,,,,,,,,,,,,,,,,,,,,https://www.aqua-tots.com/sign-up/?utm_source=GBP&utm_medium=Appointment&utm_campaign=Aqua-Tots%2520Swim%2520School%2520Beirut%2520Uptown,https://www.facebook.com/AquaTotsLB/,https://www.instagram.com/aquatotslb/,,https://www.pinterest.com/aquatotsswimschool/,,,https://wa.me/96181101014,,https://www.youtube.com/@aquatots,,,No,
Published,San Antonio-3,Aqua-Tots Swim School North Central San Antonio,630 Northwest Loop 410,,,,,,San Antonio,TX,US,78216,(210) 625-4670,,https://www.aqua-tots.com/north-central-san-antonio/?utm_source=Google&utm_medium=Organic&utm_campaign=LocalSEO,Swimming school,"Swim club,Swimming pool,Swimwear store,Swimming facility",,11:00-19:45,12:00-19:45,12:00-19:45,12:00-20:00,12:00-19:15,08:00-14:15,,"Aqua-Tots Swim School in San Antonio provides year-round swimming lessons for kids of all ages, including swim lessons for babies and toddlers. Our world-renowned swimming instruction and 'safety first, fun every second' approach features certified swim instructors, a family-friendly environment, and state-of-the-art facility with a cozy 90° pool. Aqua-Tots serves more than 150 communities worldwide and is trusted by parents to teach five million swim lessons every year. Since 1991, we've been committed to a legacy of safety; please visit our website to learn more about swim lessons for children at Aqua-Tots.",,aqua-tots,+1 210-625-4670,,,,Yes,Yes,Yes,,,,,,,,,,,,,,,,,,,,,,,,No,,Yes,,,,,,Yes,,Yes,Yes,https://www.aqua-tots.com/sign-up/?utm_source=GBP&utm_medium=Appointment&utm_campaign=Aqua-Tots%2520Swim%2520School%2520North%2520Central%2520San%2520Antonio,https://www.facebook.com/AquaTotsNCSanAntonio/,https://www.instagram.com/aquatots_northcentral/,,https://www.pinterest.com/aquatotsswimschool/,,,,,https://www.youtube.com/@aquatots,,,No,Yes
Published,Coppell,Aqua-Tots Swim School Coppell,777 South MacArthur Boulevard,,,,,,Coppell,TX,US,75019,(972) 793-7992,,https://www.aqua-tots.com/coppell?utm_source=Google&utm_medium=Organic&utm_campaign=LocalSEO,Swimming school,"Swim club,Swimwear store,Swimming facility,Swimming instructor,Baby swimming school,Indoor swimming pool",,12:00-20:15,12:00-20:00,12:00-20:15,12:00-20:00,12:00-20:15,09:00-14:15,2026-09-07: x,"Aqua-Tots Swim School in Coppell provides year-round swimming lessons for kids of all ages, including swim lessons for babies and toddlers. Our world-renowned swimming instruction and 'safety first, fun every second' approach features certified swim instructors, a family-friendly environment, and state-of-the-art facility with a cozy 90° pool. Aqua-Tots serves more than 150 communities worldwide and is trusted by parents to teach five million swim lessons every year. Since 1991, we've been committed to a legacy of safety; please visit our website to learn more about swim lessons for children at Aqua-Tots.",,aqua-tots,+1 972-793-7992,,,,Yes,Yes,Yes,,,,,,,,,,,,,,,,,,,,,,,,No,,Yes,,,,,,Yes,,Yes,Yes,https://www.aqua-tots.com/sign-up/?utm_source=GBP&utm_medium=Appointment&utm_campaign=Aqua-Tots%2520Swim%2520School%2520Coppell,https://www.facebook.com/AquaTotsCoppell/,https://www.instagram.com/aquatotsofficial/,,https://www.pinterest.com/aquatotsswimschool/,,,,,https://www.youtube.com/@aquatots,,,No,Yes
Published,6532500000000000000,Aqua-Tots Swim School Surat Thani,Sritape 2,"Mueang Surat Thani District, 48Q5+QPW",,,,,Surat Thani,,TH,84000,083 994 9662,,https://www.aqua-tots.com/surat-thani/?utm_source=Google&utm_medium=Organic&utm_campaign=LocalSEO,Swimming school,"Swim club,Swimming pool,Swimwear store,Swimming facility,Swimming instructor,Baby swimming school,Public swimming pool",,,,,,,,,"Aqua-Tots Swim School in Surat Thani provides year-round swimming lessons for kids of all ages, including swim lessons for babies and toddlers. Our world-renowned swimming instruction and “safety first, fun every second” approach features certified swim instructors, a family-friendly environment, and state-of-the-art facility with a cozy 32°C pool. Aqua-Tots serves more than 150 communities worldwide and is trusted by parents to teach five million swim lessons every year. Since 1991, we’ve been committed to a legacy of safety; please visit our website to learn more about swim lessons for children at Aqua-Tots.",,,,,,,Yes,Yes,,,Yes,,,,,,,[NOT APPLICABLE],[NOT APPLICABLE],[NOT APPLICABLE],[NOT APPLICABLE],[NOT APPLICABLE],[NOT APPLICABLE],[NOT APPLICABLE],,,,,,,,,No,,Yes,Yes,,,,,Yes,Yes,Yes,Yes,,https://www.facebook.com/AquaTotsSuratthani/,https://www.instagram.com/AquaTotsSuratthani/,,,[NOT APPLICABLE],,[NOT APPLICABLE],,,,,No,Yes
Published,281,Aqua-Tots Swim School Klong 4 - Lamlukka,66/49 Suan Kaset Road,ถนนโชติเวช,,,,,Lam Luk Ka District,,TH,12150,085 556 4445,,https://www.aqua-tots.com/klong-4-lamlukka/?utm_source=Google&utm_medium=Organic&utm_campaign=LocalSEO,Swimming school,"Swim club,Swimming pool,Swimwear store,Swimming facility,Swimming instructor,Baby swimming school,Public swimming pool",09:00-18:00,10:00-19:00,10:00-19:00,,10:00-19:00,10:00-19:00,09:00-18:00,"2026-04-12: x, 2026-04-13: x, 2026-04-14: x, 2026-04-15: x, 2026-04-16: x","Aqua-Tots Swim School in Lamlukka provides year-round swimming lessons for kids of all ages, including swim lessons for babies and toddlers. Our world-renowned swimming instruction and “safety first, fun every second” approach features certified swim instructors, a family-friendly environment, and state-of-the-art facility with a cozy 90° pool. Aqua-Tots serves more than 150 communities worldwide and is trusted by parents to teach five million swim lessons every year. Since 1991, we’ve been committed to a legacy of safety; please visit our website to learn more about swim lessons for children at Aqua-Tots.",,,,,,,Yes,Yes,Yes,Yes,,,,,,,,[NOT APPLICABLE],[NOT APPLICABLE],[NOT APPLICABLE],[NOT APPLICABLE],[NOT APPLICABLE],[NOT APPLICABLE],[NOT APPLICABLE],,,,,,,,,No,,Yes,,,,,,,,,,https://www.aqua-tots.com/sign-up/?utm_source=GBP&utm_medium=Appointment&utm_campaign=Aqua-Tots%2520Swim%2520School%2520Klong%25204%2520-%2520Lamlukka,https://www.facebook.com/AquaTotsKlong4Lamlukka/,https://www.instagram.com/aquatotsofficial/,,https://www.pinterest.com/aquatotsswimschool/,[NOT APPLICABLE],,[NOT APPLICABLE],,https://www.youtube.com/@aquatots,,,No,Yes
Published,156,Aqua-Tots Swim School Canton,43335 Joy Road,,,,,,Canton,MI,US,48187,(734) 828-2000,,https://www.aqua-tots.com/canton/?utm_source=Google&utm_medium=Organic&utm_campaign=LocalSEO,Swimming school,"Swim club,Swimming pool,Swimwear store,Swimming facility,Swimming instructor,Baby swimming school",09:00-15:00,10:00-20:00,10:00-20:00,10:00-20:00,10:00-20:00,10:00-20:00,09:00-15:00,"2025-11-27: x, 2025-12-24: x, 2025-12-25: x, 2025-12-26: 10:00-14:00, 2025-12-27: 10:00-14:00, 2025-12-28: 10:00-14:00, 2025-12-29: 10:00-14:00, 2025-12-30: 10:00-14:00, 2025-12-31: x, 2026-01-01: x","Aqua-Tots Swim School in Canton provides year-round swimming lessons for kids of all ages, including swim lessons for babies and toddlers. Our world-renowned swimming instruction and 'safety first, fun every second' approach features certified swim instructors, a family-friendly environment, and state-of-the-art facility with a cozy 90° pool. Aqua-Tots serves more than 150 communities worldwide and is trusted by parents to teach five million swim lessons every year. Since 1991, we've been committed to a legacy of safety; please visit our website to learn more about swim lessons for children at Aqua-Tots.",,aqua-tots,,,,,Yes,Yes,Yes,,,,,,,Yes,,,,,,,,,,,,,,,,,No,,Yes,,,,,,Yes,,Yes,,https://www.aqua-tots.com/sign-up/?utm_source=GBP&utm_medium=Appointment&utm_campaign=Aqua-Tots%2520Swim%2520School%2520Canton,https://www.facebook.com/AquaTotsCanton/,https://www.instagram.com/aquatotsmi/,,https://www.pinterest.com/aquatotsswimschool/,,https://www.tiktok.com/@aquatotsmi,,,https://www.youtube.com/channel/UCvKVHB54fl4jpx2Y4M9t1ZA,,,No,
Published,229,Aqua-Tots Swim School Bellevue,3512 Samson Way,,,,,,Bellevue,NE,US,68123-4301,(402) 295-1947,,https://www.aqua-tots.com/bellevue?utm_source=google&utm_medium=organic&utm_campaign=local-seo,Swimming school,"Swim club,Swimming pool,Swimwear store,Swimming facility,Swimming instructor,Baby swimming school",,10:00-20:00,09:00-20:00,12:00-20:00,12:00-20:30,,08:00-13:00,"2026-09-04: x, 2026-09-05: x, 2026-09-06: x, 2026-09-07: x","Aqua-Tots Swim School in Bellevue provides year-round swimming lessons for kids of all ages, including swim lessons for babies and toddlers. Our world-renowned swimming instruction and 'safety first, fun every second' approach features certified swim instructors, a family-friendly environment, and state-of-the-art facility with a cozy 90° pool. Aqua-Tots serves more than 150 communities worldwide and is trusted by parents to teach five million swim lessons every year. Since 1991, we've been committed to a legacy of safety; please visit our website to learn more about swim lessons for children at Aqua-Tots.",,aqua-tots,,,,,Yes,Yes,Yes,Yes,,,,,,Yes,Yes,,,,,,,,,,,,,,,,,,Yes,,,,,,Yes,,Yes,,https://www.aqua-tots.com/bellevue/enroll-now/,,https://www.instagram.com/aquatotsbellevue/,,,,https://www.tiktok.com/@bellevueaqua_tots,,,https://www.youtube.com/@aquatots,,Yes,,
Published,143,Aqua-Tots Swim School Des Moines,7125 Mills Civic Parkway,,,,,,West Des Moines,IA,US,50266,(515) 612-9400,,https://www.aqua-tots.com/des-moines/?utm_source=Google&utm_medium=Organic&utm_campaign=LocalSEO,Swimming school,"Swim club,Swimwear store,Swimming facility,Swimming instructor,Baby swimming school",12:00-17:00,,09:00-20:00,16:00-20:00,09:00-20:00,14:00-19:00,08:00-13:00,,"Aqua-Tots Swim School in West Des Moines provides year-round swimming lessons for kids of all ages, including swim lessons for babies and toddlers. Our world-renowned swimming instruction and 'safety first, fun every second' approach features certified swim instructors, a family-friendly environment, and state-of-the-art facility with a cozy 90° pool. Aqua-Tots serves more than 150 communities worldwide and is trusted by parents to teach five million swim lessons every year. Since 1991, we've been committed to a legacy of safety; please visit our website to learn more about swim lessons for children at Aqua-Tots.",,aqua-tots,+1 515-612-9400,,,,Yes,Yes,Yes,,,,Yes,,,,,,,,,,,,,,,,,,,,No,,Yes,,,,,,Yes,,Yes,Yes,https://www.aqua-tots.com/sign-up/?utm_source=GBP&utm_medium=Appointment&utm_campaign=Aqua-Tots%2520Swim%2520School%2520Des%2520Moines,https://www.facebook.com/AquaTotsDesMoines/,https://www.instagram.com/aquatotsdesmoines/,,https://www.pinterest.com/aquatotsswimschool/,sms:+15156129400,,,,https://www.youtube.com/@aquatots,,,No,Yes
Published,167,Aqua-Tots Swim School Cedar Park,1335 East Whitestone Boulevard,,,,,,Cedar Park,TX,US,78613,(512) 256-8687,,https://www.aqua-tots.com/cedar-park/?utm_source=Google&utm_medium=Organic&utm_campaign=LocalSEO,Swimming school,"Swim club,Swimwear store,Swimming facility,Swimming instructor,Baby swimming school",,09:30-19:45,09:30-19:30,12:00-20:00,09:30-19:45,09:30-19:45,08:30-17:00,2026-09-07: x,"Aqua-Tots Swim School in Cedar Park provides year-round swimming lessons for kids of all ages, including swim lessons for babies and toddlers. Our world-renowned swimming instruction and 'safety first, fun every second' approach features certified swim instructors, a family-friendly environment, and state-of-the-art facility with a cozy 90° pool. Aqua-Tots serves more than 150 communities worldwide and is trusted by parents to teach five million swim lessons every year. Since 1991, we've been committed to a legacy of safety; please visit our website to learn more about swim lessons for children at Aqua-Tots.",,aqua-tots,+1 512-256-8687,,,,Yes,Yes,Yes,,,,,,,,,,,,,,,,,,,,,,,,No,,Yes,,,,,,Yes,,Yes,Yes,https://www.aqua-tots.com/sign-up/?utm_source=GBP&utm_medium=Appointment&utm_campaign=Aqua-Tots%2520Swim%2520School%2520Cedar%2520Park,https://www.facebook.com/AquaTotsCedarPark/,https://www.instagram.com/aquatotscedarpark/,,https://www.pinterest.com/aquatotsswimschool/,,,,,https://www.youtube.com/@aquatots,,,No,Yes
Published,254,Aqua-Tots Swim School Dunwoody,5566 Chamblee Dunwoody Rd,,,,,,Dunwoody,GA,US,30338,(404) 446-9463,,https://www.aqua-tots.com/dunwoody/?utm_source=Google&utm_medium=Organic&utm_campaign=LocalSEO,Swimming school,"Swim club,Swimming pool,Swimwear store,Swimming facility,Swimming instructor,Baby swimming school",08:00-13:00,12:00-19:00,12:00-19:00,12:00-19:00,12:00-19:00,,08:00-13:00,"2026-09-05: x, 2026-09-06: x, 2026-09-07: x","Aqua-Tots Swim School in Dunwoody provides year-round swimming lessons for kids of all ages, including swim lessons for babies and toddlers. Our world-renowned swimming instruction and 'safety first, fun every second' approach features certified swim instructors, a family-friendly environment, and state-of-the-art facility with a cozy 90° pool. Aqua-Tots serves more than 150 communities worldwide and is trusted by parents to teach five million swim lessons every year. Since 1991, we've been committed to a legacy of safety; please visit our website to learn more about swim lessons for children at Aqua-Tots.",,aqua-tots,,,,,Yes,Yes,Yes,Yes,,,,,,,,,,,,,,,,,,,,,,,No,,Yes,,,,,,Yes,,Yes,Yes,https://www.aqua-tots.com/sign-up/?utm_source=GBP&utm_medium=Appointment&utm_campaign=Aqua-Tots%2520Swim%2520School%2520Dunwoody,https://www.facebook.com/AquaTotsDunwoody/,https://www.instagram.com/aquatotsdunwoody/,,https://www.pinterest.com/aquatotsswimschool/,,,,,https://www.youtube.com/@aquatots,,,No,Yes
Published,Paseo Del Norte,Aqua-Tots Swim School Paseo Del Norte,Avenida Paseo del Norte,,,,,,Panama City,,PA,,303-4049,,https://www.aqua-tots.com/paseo-del-norte/?utm_source=Google&utm_medium=Organic&utm_campaign=LocalSEO,Swimming school,,,09:00-19:00,09:00-19:00,09:00-19:00,09:00-19:00,09:00-19:00,07:00-14:00,,"Aqua-Tots Swim School in Paseo Del Norte provides year-round swimming lessons for kids of all ages, including swim lessons for babies and toddlers. Our world-renowned swimming instruction and ""safety first, fun every second"" approach features certified swim instructors, a family-friendly environment, and state-of-the-art facility with a cozy 90° pool. Aqua-Tots serves more than 150 communities worldwide and is trusted by parents to teach five million swim lessons every year. Since 1991, we've been committed to a legacy of safety; please visit our website to learn more about swim lessons for children at Aqua-Tots",2025-02-12,,,,,,Yes,Yes,Yes,Yes,,,Yes,,,,,[NOT APPLICABLE],[NOT APPLICABLE],[NOT APPLICABLE],[NOT APPLICABLE],[NOT APPLICABLE],[NOT APPLICABLE],[NOT APPLICABLE],,,Yes,,,,,,No,,Yes,,,,,,,,Yes,Yes,,https://www.facebook.com/AquaTotsPaseoDelNorte/,https://www.instagram.com/aquatotspanama/,,https://www.pinterest.com/aquatotsswimschool/,,,,,,,,,Yes
Published,Flower Mound,Aqua-Tots Swim School Flower Mound,6060 Long Prairie Road,,,,,,Flower Mound,TX,US,75028,(214) 396-7900,,https://www.aqua-tots.com/flower-mound/?utm_source=Google&utm_medium=Organic&utm_campaign=LocalSEO,Swimming school,"Swim club,Swimming pool,Swimwear store,Swimming facility,Swimming instructor,Baby swimming school",,09:00-20:00,09:00-20:00,09:00-20:00,09:00-20:00,09:00-20:00,09:00-14:00,2026-09-07: x,"Aqua-Tots Swim School in Flower Mound provides year-round swimming lessons for kids of all ages, including swim lessons for babies and toddlers. Our world-renowned swimming instruction and 'safety first, fun every second' approach features certified swim instructors, a family-friendly environment, and state-of-the-art facility with a cozy 90° pool. Aqua-Tots serves more than 150 communities worldwide and is trusted by parents to teach five million swim lessons every year. Since 1991, we've been committed to a legacy of safety; please visit our website to learn more about swim lessons for children at Aqua-Tots.",,aqua-tots,(214) 396-7900,,,,Yes,Yes,Yes,,,,,,,,,,,,,,,,,,,,,,,,No,,Yes,,,,,,Yes,,Yes,,https://www.aqua-tots.com/sign-up/?utm_source=GBP&utm_medium=Appointment&utm_campaign=Aqua-Tots%2520Swim%2520School%2520Flower%2520Mound,https://www.facebook.com/AquaTotsFlowerMound/,https://www.instagram.com/aquatots_flowermound/,,https://www.pinterest.com/aquatotsswimschool/,,,,,https://www.youtube.com/@aquatots,,,No,Yes
Published,178,Aqua-Tots Swim School Horsham,307B Horsham Rd.,,,,,,Horsham,PA,US,19044,(267) 317-2400,,https://www.aqua-tots.com/horsham/?utm_source=Google&utm_medium=Organic&utm_campaign=LocalSEO,Swimming school,"Swim club,Swimming pool,Swimwear store,Swimming facility,Swimming instructor,Baby swimming school",08:30-17:00,09:00-20:00,09:00-20:00,09:00-20:00,09:00-20:00,09:00-20:00,08:30-17:00,"2026-06-19: x, 2026-07-03: x, 2026-07-04: x, 2026-07-05: x, 2026-09-05: x, 2026-09-06: x, 2026-09-07: x","Aqua-Tots Swim School in Horsham provides year-round swimming lessons for kids of all ages, including swim lessons for babies and toddlers. Our world-renowned swimming instruction and 'safety first, fun every second' approach features certified swim instructors, a family-friendly environment, and state-of-the-art facility with a cozy 90° pool. Aqua-Tots serves more than 150 communities worldwide and is trusted by parents to teach five million swim lessons every year. Since 1991, we've been committed to a legacy of safety; please visit our website to learn more about swim lessons for children at Aqua-Tots.",,aqua-tots,+1 267-317-2400,,,,Yes,Yes,Yes,,Yes,,,,,,,,,,,,,,,,,,,,,,No,,Yes,,,,,,Yes,,Yes,Yes,https://www.aqua-tots.com/horsham/enroll-now/,https://www.facebook.com/AquaTotsHorsham/,https://www.instagram.com/aquatotshorsham/,,,,https://www.tiktok.com/@aquatotshorsham,,,https://www.youtube.com/@aquatots,,,No,Yes
Published,172,Aqua-Tots Swim School Victoria,Boulevard Tamaulipas 3228,"Plaza Verde Limon, Leeal G Fraeeienamiento Del Valle",,,,,Ciudad Victoria,Tamaulipas,MX,87025,834 316 7416,317 800 2318,https://www.aqua-tots.com/ciudad-victoria/?utm_source=Google&utm_medium=Organic&utm_campaign=LocalSEO,Swimming school,"Swim club,Swimming pool,Swimwear store,Swimming facility,Swimming instructor,Baby swimming school,Public swimming pool",,09:00-20:00,09:00-20:00,09:00-20:00,09:00-20:00,09:00-20:00,10:00-15:00,,"Aqua-Tots Swim School in Ciudad Victoria provides year-round swimming lessons for kids of all ages, including swim lessons for babies and toddlers. Our world-renowned swimming instruction and “safety first, fun every second” approach features certified swim instructors, a family-friendly environment, and state-of-the-art facility with a cozy 90° pool. Aqua-Tots serves more than 150 communities worldwide and is trusted by parents to teach five million swim lessons every year. Since 1991, we’ve been committed to a legacy of safety; please visit our website to learn more about swim lessons for children at Aqua-Tots.",,"kids swimming lessons in victoria mexico, kids swimming lessons in ciudad victoria mexico, child swimming lessons victoria, child swimming lessons ciudad victoria, kids swimming, Clases de natación infantil, Clases de natación infantil Victoria, Clases de natación infantil Ciudad Victoria, Clases de natación para niños, Clases de natación infantil",+52 834 316 7416,,,,Yes,Yes,,,,,,,,,,[NOT APPLICABLE],[NOT APPLICABLE],[NOT APPLICABLE],[NOT APPLICABLE],[NOT APPLICABLE],[NOT APPLICABLE],[NOT APPLICABLE],,,,,,,,,No,,Yes,,,,,,Yes,,Yes,,https://www.aqua-tots.com/sign-up/?utm_source=GBP&utm_medium=Appointment&utm_campaign=Aqua-Tots%2520Swim%2520School%2520Victoria,https://www.facebook.com/AquaTotsCiudadVictoria/,https://www.instagram.com/aquatotsciudadvictoria/,,https://www.pinterest.com/aquatotsswimschool/,,,,,https://www.youtube.com/@aquatots,,,No,Yes
Published,215,Aqua-Tots Swim School Atlanta Westside Village,2260 Marietta Boulevard Northwest,,,,,,Atlanta,GA,US,30318,(770) 927-8155,,https://www.aqua-tots.com/atlanta-westside-village/?utm_source=Google&utm_medium=Organic&utm_campaign=LocalSEO,Swimming school,"Swim club,Swimwear store,Swimming facility,Swimming instructor,Baby swimming school,Indoor swimming pool",08:30-14:00,12:00-20:00,10:00-20:00,11:00-20:00,12:00-20:00,09:30-20:00,08:30-14:00,2026-09-07: x,"Aqua-Tots Swim School in Atlanta provides year-round swimming lessons for kids of all ages, including swim lessons for babies and toddlers. Our world-renowned swimming instruction and 'safety first, fun every second' approach features certified swim instructors, a family-friendly environment, and state-of-the-art facility with a cozy 90° pool. Aqua-Tots serves more than 150 communities worldwide and is trusted by parents to teach five million swim lessons every year. Since 1991, we've been committed to a legacy of safety; please visit our website to learn more about swim lessons for children at Aqua-Tots.",,aqua-tots,,,,,Yes,Yes,Yes,Yes,,,,,,,,,,,,,,,,,,,Yes,,,,No,,Yes,,,,,,Yes,,Yes,Yes,https://www.aqua-tots.com/sign-up/?utm_source=GBP&utm_medium=Appointment&utm_campaign=Aqua-Tots%2520Swim%2520School%2520Atlanta%2520Westside%2520Village,https://www.facebook.com/aquatotswestsidevillage/,https://www.instagram.com/aquatotswestsidevillage/,,https://www.pinterest.com/aquatotsswimschool/,,,,,https://www.youtube.com/@aquatots,,,No,Yes
Published,170,Aqua-Tots Swim School Centreville,6319 Multiplex Drive,,,,,,Centreville,VA,US,20121,(703) 260-9222,,https://www.aqua-tots.com/centreville/?utm_source=google&utm_medium=organic&utm_campaign=local-seo,Swimming school,"Swim club,Swimwear store,Swimming facility,Swimming instructor,Baby swimming school,Indoor swimming pool",09:00-17:00,09:00-19:30,09:00-19:30,09:00-19:30,09:00-19:30,09:00-19:30,09:00-17:00,"2026-07-02: x, 2026-07-03: x, 2026-07-04: x, 2026-07-05: x","Aqua-Tots Swim School in Centreville provides year-round swimming lessons for kids of all ages, including swim lessons for babies and toddlers. Our world-renowned swimming instruction and 'safety first, fun every second' approach features certified swim instructors, a family-friendly environment, and state-of-the-art facility with a cozy 90° pool. Aqua-Tots serves more than 150 communities worldwide and is trusted by parents to teach five million swim lessons every year. Since 1991, we've been committed to a legacy of safety; please visit our website to learn more about swim lessons for children at Aqua-Tots.",,aqua-tots,(703) 260-9222,,,,Yes,Yes,Yes,,,,,,,,,,,,,,,,,,Yes,,,,,,No,,Yes,,,,,,Yes,,Yes,Yes,https://www.aqua-tots.com/sign-up/?utm_source=GBP&utm_medium=Appointment&utm_campaign=Aqua-Tots%2520Swim%2520School%2520Centreville,https://www.facebook.com/AquaTotsCentreville,https://www.instagram.com/aquatotscentreville/,,https://www.pinterest.com/aquatotsswimschool/,,https://www.tiktok.com/@aquatotscentreville,,,https://www.youtube.com/@aquatots,,,No,Yes
Published,Scottsdale,Aqua-Tots Swim School Old Town Scottsdale,7624 East Indian School Road,,,,,,Scottsdale,AZ,US,85251,(480) 681-7993,,https://www.aqua-tots.com/old-town-scottsdale?utm_source=Google&utm_medium=Organic&utm_campaign=LocalSEO,Swimming school,"Swim club,Swimming pool,Swimming facility,Swimming instructor,Baby swimming school",08:00-13:00,,08:30-19:00,14:00-19:00,08:30-19:00,08:30-19:00,07:30-13:00,,"Aqua-Tots Swim School in Old Town Scottsdale provides year-round swimming lessons for kids of all ages, including swim lessons for babies and toddlers. Our world-renowned swimming instruction and 'safety first, fun every second' approach features certified swim instructors, a family-friendly environment, and state-of-the-art facility with a cozy 90° pool. Aqua-Tots serves more than 150 communities worldwide and is trusted by parents to teach five million swim lessons every year. Since 1991, we've been committed to a legacy of safety; please visit our website to learn more about swim lessons for children at Aqua-Tots.",,aqua-tots,+1 480-681-7993,,,,Yes,Yes,,,,,,,,,,,,,,,,,,,,,,,,,No,,Yes,,,,,,Yes,,Yes,Yes,https://www.aqua-tots.com/sign-up/?utm_source=GBP&utm_medium=Appointment&utm_campaign=Aqua-Tots%2520Swim%2520School%2520Old%2520Town%2520Scottsdale,https://www.facebook.com/AquaTotsOldTownScottsdale/,https://www.instagram.com/aquatotsoldtownscottsdale/,,https://www.pinterest.com/aquatotsswimschool/,,,,,https://www.youtube.com/@aquatots,,,No,Yes
Published,Lexington,Aqua-Tots Swim School Lexington,220 Ruccio Way,,,,,,Lexington,KY,US,40503,(859) 712-0271,,https://www.aqua-tots.com/lexington?utm_source=google&utm_medium=organic&utm_campaign=local-seo,Swimming school,"Swim club,Swimming pool,Swimwear store,Swimming facility,Swimming instructor,Baby swimming school",08:00-15:30,15:00-20:00,09:00-20:00,15:00-20:00,08:30-20:00,,08:00-15:00,"2026-08-06: x, 2026-08-07: x","Aqua-Tots Swim School in Lexington provides year-round swimming lessons for kids of all ages, including swim lessons for babies and toddlers. Our world-renowned swimming instruction and 'safety first, fun every second' approach features certified swim instructors, a family-friendly environment, and state-of-the-art facility with a cozy 90° pool. Aqua-Tots serves more than 150 communities worldwide and is trusted by parents to teach five million swim lessons every year. Since 1991, we've been committed to a legacy of safety; please visit our website to learn more about swim lessons for children at Aqua-Tots.",,aqua-tots,+1 859-712-0271,,,,Yes,Yes,Yes,,Yes,,,,,,,,,,,,,,Yes,,,,,,,,No,,Yes,,,,,,Yes,,Yes,Yes,https://www.aqua-tots.com/sign-up/?utm_source=GBP&utm_medium=Appointment&utm_campaign=Aqua-Tots%2520Swim%2520School%2520Lexington,https://www.facebook.com/AquaTotsLexington/,https://www.instagram.com/aquatotslex/,,https://www.pinterest.com/aquatotsswimschool/,,,,,https://www.youtube.com/@aquatots,,Yes,No,Yes
Published,256 - Temporarily Closed fire,Aqua-Tots Swim School Barcroft Plaza,6349 Columbia Pike,,,,,,Falls Church,VA,US,22041,(703) 719-4456,,https://www.aqua-tots.com/barcroft-plaza/?utm_source=Google&utm_medium=Organic&utm_campaign=LocalSEO,Swimming school,"Swim club,Swimming pool,Swimwear store,Swimming facility,Swimming instructor,Baby swimming school",08:15-14:00,15:30-20:00,15:30-20:30,15:30-20:15,08:45-20:15,,08:15-14:00,2026-09-07: x,"Aqua-Tots Swim School in Barcroft Plaza provides year-round swimming lessons for kids of all ages, including swim lessons for babies and toddlers. Our world-renowned swimming instruction and 'safety first, fun every second' approach features certified swim instructors, a family-friendly environment, and state-of-the-art facility with a cozy 90° pool. Aqua-Tots serves more than 150 communities worldwide and is trusted by parents to teach five million swim lessons every year. Since 1991, we've been committed to a legacy of safety; please visit our website to learn more about swim lessons for children at Aqua-Tots.",,aqua-tots,,,,,Yes,Yes,Yes,Yes,,,,,,,,,,,,,,,,,,,,,,,No,,Yes,,,,,,Yes,,Yes,,https://www.aqua-tots.com/sign-up/?utm_source=GBP&utm_medium=Appointment&utm_campaign=Aqua-Tots%2520Swim%2520School%2520Barcroft%2520Plaza,https://www.facebook.com/AquaTotsBarcroftPlaza/,https://www.instagram.com/aquatots_barcroftplaza/,,https://www.pinterest.com/aquatotsswimschool/,,,,,https://www.youtube.com/@aquatots,,No,No,Yes
Published,Kennesaw,Aqua-Tots Swim School Kennesaw,2655 Cobb Parkway Northwest,,,,,,Kennesaw,GA,US,30152,(678) 331-8687,,https://www.aqua-tots.com/kennesaw/?utm_source=Google&utm_medium=Organic&utm_campaign=LocalSEO,Swimming school,"Swim club,Swimming pool,Swimwear store,Swimming facility,Swimming instructor,Baby swimming school,Indoor swimming pool",13:00-18:00,09:00-20:00,09:00-20:00,09:00-20:00,09:00-20:00,09:00-20:00,09:00-15:00,2026-09-07: x,"Aqua-Tots Swim School in Kennesaw provides year-round swimming lessons for kids of all ages, including swim lessons for babies and toddlers. Our world-renowned swimming instruction and 'safety first, fun every second' approach features certified swim instructors, a family-friendly environment, and state-of-the-art facility with a cozy 90° pool. Aqua-Tots serves more than 150 communities worldwide and is trusted by parents to teach five million swim lessons every year. Since 1991, we've been committed to a legacy of safety; please visit our website to learn more about swim lessons for children at Aqua-Tots.",,aqua-tots,+1 678-331-8687,,,,Yes,Yes,,,,,Yes,,,,,,,,,,,,,,Yes,,,,,,No,,Yes,,,,,,Yes,,Yes,Yes,https://www.aqua-tots.com/sign-up/?utm_source=GBP&utm_medium=Appointment&utm_campaign=Aqua-Tots%2520Swim%2520School%2520Kennesaw,https://www.facebook.com/AquaTotsKennesaw/,https://www.instagram.com/aquatotskennesaw1/,,https://www.pinterest.com/aquatotsswimschool/,,,,,https://www.youtube.com/@aquatots,,,No,Yes
Published,109,Aqua-Tots Swim School Douglasville,9375 The Landing Drive,,,,,,Douglasville,GA,US,30135,(678) 483-8276,,https://www.aqua-tots.com/douglasville/?utm_source=Google&utm_medium=Organic&utm_campaign=LocalSEO,Swimming school,"Swim club,Swimming pool,Swimwear store,Swimming facility,Swimming instructor,Baby swimming school",13:00-18:00,09:00-20:00,09:00-20:00,09:00-20:00,09:00-20:00,09:00-20:00,09:00-15:00,,"Aqua-Tots Swim School in Douglasville provides year-round swimming lessons for kids of all ages, including swim lessons for babies and toddlers. Our world-renowned swimming instruction and 'safety first, fun every second' approach features certified swim instructors, a family-friendly environment, and state-of-the-art facility with a cozy 90° pool. Aqua-Tots serves more than 150 communities worldwide and is trusted by parents to teach five million swim lessons every year. Since 1991, we've been committed to a legacy of safety; please visit our website to learn more about swim lessons for children at Aqua-Tots.",,aqua-tots,+1 678-483-8276,,,,Yes,Yes,Yes,,,,,,,,,,,,,,,,,,,,,,,,No,,Yes,,,,,,Yes,,Yes,,https://www.aqua-tots.com/sign-up/?utm_source=GBP&utm_medium=Appointment&utm_campaign=Aqua-Tots%2520Swim%2520School%2520Douglasville,https://www.facebook.com/AquaTotsDouglasville/,https://www.instagram.com/aquatotsdouglasville/,,https://www.pinterest.com/aquatotsswimschool/,,https://www.tiktok.com/@aquatotstnga,,,https://www.youtube.com/@aquatots,,,No,Yes
Published,Orleans,Aqua-Tots Swim School Orléans,110 Place d'Orléans Drive,,,,,,Ottawa,ON,CA,K1C 2L9,(613) 801-9101,,https://www.aqua-tots.com/orleans/?utm_source=Google&utm_medium=Organic&utm_campaign=LocalSEO,Swimming school,"Swimming pool,Swimwear store,Swimming facility,Baby swimming school,Public swimming pool",08:30-12:30,,16:00-20:00,09:00-20:00,09:00-20:00,09:00-20:00,08:30-17:00,2026-07-01: x,"Aqua-Tots Swim School in Orléans provides year-round swimming lessons for kids of all ages, including swim lessons for babies and toddlers. Our world-renowned swimming instruction and “safety first, fun every second” approach features certified swim instructors, a family-friendly environment, and state-of-the-art facility with a cozy 90° pool. Aqua-Tots serves more than 150 communities worldwide and is trusted by parents to teach five million swim lessons every year. Since 1991, we’ve been committed to a legacy of safety; please visit our website to learn more about swim lessons for children at Aqua-Tots.",,,,,,,Yes,Yes,Yes,,,,,,,,,[NOT APPLICABLE],[NOT APPLICABLE],[NOT APPLICABLE],[NOT APPLICABLE],[NOT APPLICABLE],[NOT APPLICABLE],[NOT APPLICABLE],,,Yes,,,,,,No,,Yes,Yes,,,Yes,,Yes,Yes,Yes,Yes,,https://www.facebook.com/AquaTotsOrleans/,https://www.instagram.com/aquatotsofficial/,,https://www.pinterest.com/aquatotsswimschool/,,,,,https://www.youtube.com/channel/UCvKVHB54fl4jpx2Y4M9t1ZA,,,No,Yes
Published,Katy,Aqua-Tots Swim School Katy,1542 W. Grand Parkway S.,,,,,,Katy,TX,US,77494,(281) 769-8630,,https://www.aqua-tots.com/katy/?utm_source=Google&utm_medium=Organic&utm_campaign=LocalSEO,Swimming school,"Swim club,Swimming pool,Swimwear store,Swimming facility,Swimming instructor,Baby swimming school,Indoor swimming pool",,09:00-20:00,09:00-20:00,09:00-20:00,09:00-20:00,09:00-20:00,09:00-14:30,2026-09-07: x,"Aqua-Tots Swim School in Katy provides year-round swimming lessons for kids of all ages, including swim lessons for babies and toddlers. Our world-renowned swimming instruction and 'safety first, fun every second' approach features certified swim instructors, a family-friendly environment, and state-of-the-art facility with a cozy 90° pool. Aqua-Tots serves more than 150 communities worldwide and is trusted by parents to teach five million swim lessons every year. Since 1991, we've been committed to a legacy of safety; please visit our website to learn more about swim lessons for children at Aqua-Tots.",,aqua-tots,+1 281-769-8630,,,,Yes,Yes,Yes,,,,,,,,,,,,,,,,,,,,,,,,No,,Yes,,,,,,Yes,,Yes,,https://www.aqua-tots.com/sign-up/?utm_source=GBP&utm_medium=Appointment&utm_campaign=Aqua-Tots%2520Swim%2520School%2520Katy,https://www.facebook.com/AquaTotsKaty/,https://www.instagram.com/aquatotskaty/,,https://www.pinterest.com/aquatotsswimschool/,,,,,https://www.youtube.com/@aquatots,,,No,Yes
Published,Plano,Aqua-Tots Swim School Plano,6505 West Park Boulevard,,,,,,Plano,TX,US,75093,(214) 396-8687,,https://www.aqua-tots.com/plano?utm_source=Google&utm_medium=Organic&utm_campaign=LocalSEO,Swimming school,"Swim club,Swimming pool,Swimming facility,Swimming instructor,Baby swimming school",,09:00-20:00,09:00-20:00,09:00-20:00,09:00-20:00,09:00-20:00,09:00-14:00,2026-09-07: x,"Aqua-Tots Swim School in Plano provides year-round swimming lessons for kids of all ages, including swim lessons for babies and toddlers. Our world-renowned swimming instruction and 'safety first, fun every second' approach features certified swim instructors, a family-friendly environment, and state-of-the-art facility with a cozy 90° pool. Aqua-Tots serves more than 150 communities worldwide and is trusted by parents to teach five million swim lessons every year. Since 1991, we've been committed to a legacy of safety; please visit our website to learn more about swim lessons for children at Aqua-Tots.",,aqua-tots,+1 214-396-8687,,,,Yes,Yes,Yes,,,,,,,,,,,,,,,,,,,,,,,,No,,Yes,,,,,,Yes,,Yes,Yes,https://www.aqua-tots.com/sign-up/?utm_source=GBP&utm_medium=Appointment&utm_campaign=Aqua-Tots%2520Swim%2520School%2520Plano,https://www.facebook.com/AquaTotsPlano/,https://www.instagram.com/aquatots_planotx/,,https://www.pinterest.com/aquatotsswimschool/,,,,,https://www.youtube.com/@aquatots,,,No,Yes
Published,Aqua-Tots Swim School Tay Ho,Aqua-Tots Swim School Tay Ho,P. Durong Van An,"Lô H3-LC, Khu đô thị Starlake Tây Hồ Tây",,,,,Bắc Từ Liêm,Hà Nội,VN,,024 7100 0001,,https://www.aqua-tots.com/tay-ho/?utm_source=Google&utm_medium=Organic&utm_campaign=LocalSEO,Swimming school,"Swim club,Swimming pool,Swimwear store,Swimming facility,Swimming instructor,Baby swimming school,Public swimming pool",09:00-19:00,,09:00-19:00,09:00-19:00,09:00-19:00,09:00-19:00,09:00-19:00,,"Aqua-Tots Swim School in Bac Tu Liem District provides year-round swimming lessons for kids of all ages, including swim lessons for babies and toddlers. Our world-renowned swimming instruction and “safety first, fun every second” approach features certified swim instructors, a family-friendly environment, and state-of-the-art facility with a cozy 90° pool. Aqua-Tots serves more than 150 communities worldwide and is trusted by parents to teach five million swim lessons every year. Since 1991, we’ve been committed to a legacy of safety; please visit our website to learn more about swim lessons for children at Aqua-Tots.",,,,,,,Yes,Yes,Yes,Yes,,,,,,,,[NOT APPLICABLE],[NOT APPLICABLE],[NOT APPLICABLE],[NOT APPLICABLE],[NOT APPLICABLE],[NOT APPLICABLE],[NOT APPLICABLE],,,,,,,,,No,,Yes,,,,,,,,,,https://www.aqua-tots.com/sign-up/?utm_source=GBP&utm_medium=Appointment&utm_campaign=Aqua-Tots%2520Swim%2520School%2520Tay%2520Ho,https://www.facebook.com/aquatotstayho,https://www.instagram.com/aquatotsofficial/,,https://www.pinterest.com/aquatotsswimschool/,[NOT APPLICABLE],,[NOT APPLICABLE],,https://www.youtube.com/@aquatots,,Yes,No,Yes
Published,Prairie Village,Aqua-Tots Swim School Prairie Village,5364 W 95th St.,,,,,,Prairie Village,KS,US,66207,(913) 274-1823,,https://www.aqua-tots.com/prairie-village/?utm_source=Google&utm_medium=Organic&utm_campaign=LocalSEO,Swimming school,"Swimming instructor,Swim club,Swimming pool,Swimwear store,Swimming facility,Baby swimming school",,09:00-19:30,09:00-19:30,09:00-19:30,09:00-19:30,13:00-19:30,08:30-13:00,2026-09-07: x,"Aqua-Tots Swim School in Prairie Village provides year-round swimming lessons for kids of all ages, including swim lessons for babies and toddlers. Our world-renowned swimming instruction and 'safety first, fun every second' approach features certified swim instructors, a family-friendly environment, and state-of-the-art facility with a cozy 90° pool. Aqua-Tots serves more than 150 communities worldwide and is trusted by parents to teach five million swim lessons every year. Since 1991, we've been committed to a legacy of safety; please visit our website to learn more about swim lessons for children at Aqua-Tots.",,aqua-tots,,,,,Yes,Yes,Yes,Yes,Yes,,Yes,,,,,,,,,,,,Yes,,,,,,,,No,,Yes,,,,,,Yes,,Yes,Yes,https://www.aqua-tots.com/sign-up/?utm_source=GBP&utm_medium=Appointment&utm_campaign=Aqua-Tots%2520Swim%2520School%2520Prairie%2520Village,https://www.facebook.com/AquaTotsPrairieVillage,https://www.instagram.com/aquatotskc/,,https://www.pinterest.com/aquatotsswimschool/,,,,,https://www.youtube.com/@aquatots,,,No,Yes
Published,145,Aqua-Tots Swim School Central Phoenix,7824 N. 12th St.,,,,,,Phoenix,AZ,US,85020,(602) 753-5101,,https://www.aqua-tots.com/central-phoenix?utm_source=Google&utm_medium=Organic&utm_campaign=LocalSEO,Swimming school,"Swim club,Swimwear store,Swimming facility,Swimming instructor,Baby swimming school",10:00-14:00,08:30-19:30,09:00-19:30,08:30-20:30,15:00-19:30,,08:00-14:00,,"Aqua-Tots Swim School in Phoenix provides year-round swimming lessons for kids of all ages, including swim lessons for babies and toddlers. Our world-renowned swimming instruction and 'safety first, fun every second' approach features certified swim instructors, a family-friendly environment, and state-of-the-art facility with a cozy 90° pool. Aqua-Tots serves more than 150 communities worldwide and is trusted by parents to teach five million swim lessons every year. Since 1991, we've been committed to a legacy of safety; please visit our website to learn more about swim lessons for children at Aqua-Tots.",,aqua-tots,+1 602-753-5101,,,,Yes,Yes,Yes,,,,,,,,,,,,,,,,,,,,,,,,No,,Yes,,,,,,Yes,,Yes,Yes,https://www.aqua-tots.com/sign-up/?utm_source=GBP&utm_medium=Appointment&utm_campaign=Aqua-Tots%2520Swim%2520School%2520Central%2520Phoenix,https://www.facebook.com/AquaTotsCentralPhoenix/,https://www.instagram.com/aquatots_centralphx/,,https://www.pinterest.com/aquatotsswimschool/,,,,,https://www.youtube.com/@aquatots,,,No,Yes
Published,Chantilly,Aqua-Tots Swim School South Riding,25401 Eastern Marketplace Plaza,Ste. 195,,,,,Chantilly,VA,US,20152,(703) 291-4640,,https://www.aqua-tots.com/south-riding/?utm_source=Google&utm_medium=Organic&utm_campaign=LocalSEO,Swimming school,"Swimming pool,Swimwear store,Swimming facility,Swimming instructor,Baby swimming school",09:00-17:00,"09:00-12:30, 16:00-20:15",15:45-19:45,15:45-20:30,"09:00-12:30, 15:45-20:15",15:15-20:00,09:00-17:00,"2026-07-02: x, 2026-07-03: x, 2026-07-04: x, 2026-07-05: x","Aqua-Tots Swim School in Chantilly provides year-round swimming lessons for kids of all ages, including swim lessons for babies and toddlers. Our world-renowned swimming instruction and 'safety first, fun every second' approach features certified swim instructors, a family-friendly environment, and state-of-the-art facility with a cozy 90° pool. Aqua-Tots serves more than 150 communities worldwide and is trusted by parents to teach five million swim lessons every year. Since 1991, we've been committed to a legacy of safety; please visit our website to learn more about swim lessons for children at Aqua-Tots.",,aqua-tots,+1 703-291-4640,,,,Yes,Yes,Yes,,,,,,,,,,,,,,,,,,,,,,,,No,,Yes,,,,,,,,Yes,Yes,,https://www.facebook.com/AquaTotsSouthRiding,https://www.instagram.com/aquatotssouthriding/,,,,,,,,,,,
Published,133,Aqua-Tots Swim School Etiler,Manolya Sokak 20,Etiler,,,,,Bebek,,TR,34342,(0212) 271 71 70,,http://www.aqua-tots.com.tr/en/?utm_source=Google&utm_medium=Organic&utm_campaign=LocalSEO,Swimming school,"Swim club,Swimming pool,Swimwear store,Swimming facility,Swimming instructor,Baby swimming school,Public swimming pool",,,,,,,,,"Aqua-Tots Swim School in Bebek provides year-round swimming lessons for kids of all ages, including swim lessons for babies and toddlers. Our world-renowned swimming instruction and “safety first, fun every second” approach features certified swim instructors, a family-friendly environment, and state-of-the-art facility with a cozy 90° pool. Aqua-Tots serves more than 150 communities worldwide and is trusted by parents to teach five million swim lessons every year. Since 1991, we’ve been committed to a legacy of safety; please visit our website to learn more about swim lessons for children at Aqua-Tots.",,,,,,,Yes,Yes,,,,,,,,[NOT APPLICABLE],[NOT APPLICABLE],[NOT APPLICABLE],[NOT APPLICABLE],[NOT APPLICABLE],[NOT APPLICABLE],[NOT APPLICABLE],[NOT APPLICABLE],[NOT APPLICABLE],,,,,,,,,No,,,,,,,,,,,,https://www.aqua-tots.com/sign-up/?utm_source=GBP&utm_medium=Appointment&utm_campaign=Aqua-Tots%2520Swim%2520School%2520Etiler,,,,https://www.pinterest.com/aquatotsswimschool/,,,,,,,,,Yes
Published,173,Aqua-Tots Swim School Cau Giay,53 Phố Dịch Vọng,"Opposite Lich 53 Dich Vong, Lot TH1, Dich Vong Cau Giay District",,,,,Hanoi,Hà Nội,VN,,024 7100 0002,,https://www.aqua-tots.com/cau-giay?utm_source=Google&utm_medium=Organic&utm_campaign=GMB&utm_source=Google&utm_medium=Organic&utm_campaign=LocalSEO,Swimming school,"Swim club,Swimming pool,Swimwear store,Swimming facility,Swimming instructor,Baby swimming school,Public swimming pool",09:00-19:00,,09:00-19:00,09:00-19:00,09:00-19:00,09:00-19:00,09:00-19:00,"2022-01-29: x, 2022-01-30: x, 2022-01-31: x, 2022-02-01: x, 2022-02-02: x, 2022-02-03: x, 2022-02-04: x, 2022-02-05: x","Aqua-Tots Swim School in Hanoi provides year-round swimming lessons for kids of all ages, including swim lessons for babies and toddlers. Our world-renowned swimming instruction and “safety first, fun every second” approach features certified swim instructors, a family-friendly environment, and state-of-the-art facility with a cozy 90° pool. Aqua-Tots serves more than 150 communities worldwide and is trusted by parents to teach five million swim lessons every year. Since 1991, we’ve been committed to a legacy of safety; please visit our website to learn more about swim lessons for children at Aqua-Tots.",,"kids swimming lessons in hanoi, kids swimming school in hanoi, toddler swimming lessons in hanoi, toddler swimming school in hanoi, baby swimming lessons in hanoi, swimming instructor in hanoi, Dạy bơi cho trẻ em, Lớp học bơi dành cho trẻ em, Dạy bơi chuyên nghiệp, Lớp dạy bơi cho trẻ tại Hà Nội",024 7100 0002,,,,Yes,Yes,,,,,,,,,,[NOT APPLICABLE],[NOT APPLICABLE],[NOT APPLICABLE],[NOT APPLICABLE],[NOT APPLICABLE],[NOT APPLICABLE],[NOT APPLICABLE],,,,,,,,,,,,,,,,,,,,,https://www.aqua-tots.com/sign-up/?utm_source=GBP&utm_medium=Appointment&utm_campaign=Aqua-Tots%2520Swim%2520School%2520Cau%2520Giay,https://www.facebook.com/AquaTotsCauGiay/,https://www.instagram.com/aquatotsofficial/,,https://www.pinterest.com/aquatotsswimschool/,[NOT APPLICABLE],,[NOT APPLICABLE],,https://www.youtube.com/@aquatots,,,No,Yes
Published,Raleigh,Aqua-Tots Swim School Raleigh,8823 Six Forks Rd.,,,,,,Raleigh,NC,US,27615,(919) 447-1100,,https://www.aqua-tots.com/raleigh/?utm_source=google&utm_medium=organic&utm_campaign=local-seo,Swimming school,"Swim club,Swimming pool,Swimming facility,Swimming instructor,Indoor swimming pool",09:30-14:30,09:00-19:30,12:00-20:00,12:00-20:00,09:00-20:00,12:00-20:00,08:00-13:00,2026-09-07: x,"Aqua-Tots Swim School in Raleigh provides year-round swimming lessons for kids of all ages, including swim lessons for babies and toddlers. Our world-renowned swimming instruction and 'safety first, fun every second' approach features certified swim instructors, a family-friendly environment, and state-of-the-art facility with a cozy 90° pool. Aqua-Tots serves more than 150 communities worldwide and is trusted by parents to teach five million swim lessons every year. Since 1991, we've been committed to a legacy of safety; please visit our website to learn more about swim lessons for children at Aqua-Tots.",,aqua-tots,+1 919-447-1100,,,,Yes,Yes,,,,,,,,,,,,,,,,,,,,,,,,,No,,Yes,,,,,,Yes,,Yes,Yes,https://www.aqua-tots.com/sign-up/?utm_source=GBP&utm_medium=Appointment&utm_campaign=Aqua-Tots%2520Swim%2520School%2520Raleigh,https://www.facebook.com/AquaTotsRaleigh/,https://www.instagram.com/aquatotsraleigh/,,https://www.pinterest.com/aquatotsswimschool/,,,,,https://www.youtube.com/@aquatots,,,No,Yes
Published,San Antonio,Aqua-Tots Swim School San Antonio Dove Creek,415 West Loop 1604 South,San Antonio Dove Creek,,,,,San Antonio,TX,US,78245,(210) 910-4252,,https://www.aqua-tots.com/san-antonio-dove-creek?utm_source=Google&utm_medium=Organic&utm_campaign=LocalSEO,Swimming school,"Swim club,Swimming pool,Swimwear store,Swimming facility,Swimming instructor,Baby swimming school",09:30-15:15,09:00-20:15,09:00-20:30,09:00-20:15,09:00-20:15,09:00-19:45,08:00-15:15,,"Aqua-Tots Swim School in San Antonio Dove Creek provides year-round swimming lessons for kids of all ages, including swim lessons for babies and toddlers. Our world-renowned swimming instruction and 'safety first, fun every second' approach features certified swim instructors, a family-friendly environment, and state-of-the-art facility with a cozy 90° pool. Aqua-Tots serves more than 150 communities worldwide and is trusted by parents to teach five million swim lessons every year. Since 1991, we've been committed to a legacy of safety; please visit our website to learn more about swim lessons for children at Aqua-Tots.",,aqua-tots,,,,,Yes,Yes,,,,,,,,,,,,,,,,,,,Yes,,Yes,,,,No,,Yes,,,,,,Yes,,Yes,,https://www.aqua-tots.com/sign-up/?utm_source=GBP&utm_medium=Appointment&utm_campaign=Aqua-Tots%2520Swim%2520School%2520San%2520Antonio%2520Dove%2520Creek,https://www.facebook.com/aquatotsdovecreek,https://www.instagram.com/aquatotsdovecreeksa/,,https://www.pinterest.com/aquatotsswimschool/,,,,,https://www.youtube.com/@aquatots,,,No,Yes
Published,Omaha,Aqua-Tots Swim School Omaha,14242 Fort Street,,,,,,Omaha,NE,US,68164,(402) 819-0440,,https://www.aqua-tots.com/omaha/?utm_source=Google&utm_medium=Organic&utm_campaign=LocalSEO,Swimming school,"Swim club,Swimming pool,Swimwear store,Swimming facility,Swimming instructor,Baby swimming school",12:30-17:15,,09:30-19:30,11:00-19:30,09:30-19:30,11:00-19:30,08:00-13:00,"2026-09-05: x, 2026-09-06: x, 2026-09-07: x","Aqua-Tots Swim School in Omaha provides year-round swimming lessons for kids of all ages, including swim lessons for babies and toddlers. Our world-renowned swimming instruction and 'safety first, fun every second' approach features certified swim instructors, a family-friendly environment, and state-of-the-art facility with a cozy 90° pool. Aqua-Tots serves more than 150 communities worldwide and is trusted by parents to teach five million swim lessons every year. Since 1991, we've been committed to a legacy of safety; please visit our website to learn more about swim lessons for children at Aqua-Tots.",,aqua-tots,+1 402-819-0440,,,,Yes,Yes,Yes,,,,,,,,,,,,,,,,,,,,,,,,No,,Yes,,,,,,Yes,,Yes,Yes,https://www.aqua-tots.com/sign-up/?utm_source=GBP&utm_medium=Appointment&utm_campaign=Aqua-Tots%2520Swim%2520School%2520Omaha,https://www.facebook.com/AquaTotsOmaha/,https://www.instagram.com/aquatotsomaha/,,https://www.pinterest.com/aquatotsswimschool/,,https://www.tiktok.com/@aquatotsomaha,,,https://www.youtube.com/@aquatots,,,No,Yes
Published,13733025602535411366,Aqua-Tots Swim School Hittin,King Khalid Rd,"RRHC7477, 7477, Hittin, 2405",,,,,Riyadh,,SA,,053 685 3003,,https://www.aqua-tots.com/riyadh-hittin/?utm_source=Google&utm_medium=Organic&utm_campaign=LocalSEO,Swimming school,"Swim club,Swimming pool,Swimwear store,Swimming facility,Swimming instructor,Baby swimming school,Public swimming pool",13:00-21:00,13:00-21:00,13:00-21:00,13:00-21:00,13:00-21:00,,11:00-19:00,"2026-05-26: x, 2026-05-27: x, 2026-05-28: x, 2026-05-29: x, 2026-05-30: x, 2026-05-31: x, 2026-06-01: x","Aqua-Tots Swim School in the Hittin neighborhood, located in the city of Riyadh, provides year-round swimming lessons for kids of all ages, including swim lessons for babies and toddlers. Our world-renowned swimming instruction and “safety first, fun every second” approach features certified swim instructors, a family-friendly environment, and state-of-the-art facility with a cozy 32°C pool. Aqua-Tots serves more than 150 communities worldwide and is trusted by parents to teach five million swim lessons every year. Since 1991, we’ve been committed to a legacy of safety; please visit our website to learn more about swim lessons for children at Aqua-Tots.",2025-11-30,,,,,,Yes,Yes,,,,,,,,[NOT APPLICABLE],[NOT APPLICABLE],[NOT APPLICABLE],[NOT APPLICABLE],[NOT APPLICABLE],[NOT APPLICABLE],[NOT APPLICABLE],[NOT APPLICABLE],[NOT APPLICABLE],,,,Yes,,,,,No,,Yes,,,,,,,,Yes,Yes,,https://www.facebook.com/AquatotsKsa/,https://www.instagram.com/aquatots_ksa/,,,,,https://wa.me/966536853003,,,,,,
Published,16374000000000000000,Aqua-Tots Swim School North Bergen,3131 John F. Kennedy Blvd,,,,,,North Bergen,NJ,US,07047,(973) 638-2279,,https://www.aqua-tots.com/north-bergen/?utm_source=Google&utm_medium=Organic&utm_campaign=LocalSEO,Swimming school,"Swim club,Swimming pool,Swimwear store,Swimming facility,Swimming instructor,Baby swimming school","00:00-01:30, 09:00-24:00",00:00-01:30,09:00-19:30,09:00-19:30,09:00-19:30,09:00-19:30,08:30-24:00,"2026-07-03: x, 2026-07-04: x, 2026-07-05: x, 2026-07-06: x, 2026-09-05: x, 2026-09-06: x, 2026-09-07: x","Aqua-Tots Swim School in North Bergen provides year-round swimming lessons for kids of all ages, including swim lessons for babies and toddlers. Our world-renowned swimming instruction and ""safety first, fun every second"" approach features certified swim instructors, a family-friendly environment, and state-of-the-art facility with a cozy 90° pool. Aqua-Tots serves more than 150 communities worldwide and is trusted by parents to teach five million swim lessons every year. Since 1991, we've been committed to a legacy of safety; please visit our website to learn more about swim lessons for children at Aqua-Tots.",2025-05-12,,,,,,Yes,Yes,Yes,Yes,,,,,,,,,,,,,,,,,Yes,,Yes,,,,No,,Yes,,,,,,,,Yes,,,https://www.facebook.com/AquaTotsNorthBergen/,https://www.instagram.com/aquatotsnorthbergen/,,,,,,,https://www.youtube.com/channel/UCvKVHB54fl4jpx2Y4M9t1ZA,,,No,Yes
Published,218,Aqua-Tots Swim School Hoover,1694 Montgomery Hwy.,,,,,,Hoover,AL,US,35216,(205) 882-7776,,https://www.aqua-tots.com/hoover/?utm_source=Google&utm_medium=Organic&utm_campaign=LocalSEO,Swimming school,"Swim club,Swimwear store,Swimming facility,Swimming instructor,Baby swimming school,Public swimming pool",,09:00-19:30,09:00-19:30,09:00-19:30,12:30-19:30,12:30-19:30,08:00-12:00,,"Aqua-Tots Swim School in Hoover provides year-round swimming lessons for kids of all ages, including swim lessons for babies and toddlers. Our world-renowned swimming instruction and 'safety first, fun every second' approach features certified swim instructors, a family-friendly environment, and state-of-the-art facility with a cozy 90° pool. Aqua-Tots serves more than 150 communities worldwide and is trusted by parents to teach five million swim lessons every year. Since 1991, we've been committed to a legacy of safety; please visit our website to learn more about swim lessons for children at Aqua-Tots.",,aqua-tots,,,,,Yes,Yes,,,,,,,,,,,,,,,,,,,,,,,,,No,,Yes,,,,,,Yes,,Yes,Yes,https://www.aqua-tots.com/sign-up/?utm_source=GBP&utm_medium=Appointment&utm_campaign=Aqua-Tots%2520Swim%2520School%2520Hoover,https://www.facebook.com/AquaTotsHoover,https://www.instagram.com/aquatotshoover/,,https://www.pinterest.com/aquatotsswimschool/,,,,,https://www.youtube.com/@aquatots,,,No,Yes
Missing store code,,Aqua-Tots Swim School Salalah,Janub Madinat As Saadh,,,,,,Salalah,,OM,801,23 323660,,https://www.aqua-tots.com/salalah?utm_source=Google&utm_medium=Organic&utm_campaign=LocalSEO,Swimming school,"Swim club,Swimming pool,Swimwear store,Swimming facility,Swimming instructor,Baby swimming school,Public swimming pool",11:00-19:00,11:00-19:00,11:00-19:00,11:00-19:00,11:00-19:00,,11:00-19:00,"2026-01-15: x, 2026-01-16: 10:00-18:00, 2026-03-19: x, 2026-03-20: x, 2026-03-21: x, 2026-03-22: x, 2026-03-23: x","Aqua-Tots Swim School in Salalah provides year-round swimming lessons for kids of all ages, including swim lessons for babies and toddlers. Our world-renowned swimming instruction and “safety first, fun every second” approach features certified swim instructors, a family-friendly environment, and state-of-the-art facility with an indoor pool. Aqua-Tots serves more than 150 communities worldwide and is trusted by parents to teach five million swim lessons every year. Since 1991, we’ve been committed to a legacy of safety; please visit our website to learn more about swim lessons for children at Aqua-Tots.",2025-07-12,,,,,,Yes,Yes,Yes,,Yes,Yes,Yes,,,[NOT APPLICABLE],[NOT APPLICABLE],[NOT APPLICABLE],[NOT APPLICABLE],[NOT APPLICABLE],[NOT APPLICABLE],[NOT APPLICABLE],[NOT APPLICABLE],[NOT APPLICABLE],,Yes,Yes,,,,,,No,,Yes,Yes,,,Yes,,Yes,Yes,Yes,Yes,,https://www.facebook.com/salalahaquatots,https://www.instagram.com/aquatots.salalah/,,,,https://www.tiktok.com/@aquatots.salalah,https://wa.me/96823323660,,https://www.youtube.com/@aquatots,,Yes,No,Yes
Published,Live Oak,Aqua-Tots Swim School Live Oak,7505 North Loop 1604 East,,,,,,Live Oak,TX,US,78233,(210) 866-8687,,https://www.aqua-tots.com/san-antonio-live-oak/?utm_source=Google&utm_medium=Organic&utm_campaign=LocalSEO,Swimming school,"Swim club,Swimming pool,Swimwear store,Swimming facility,Swimming instructor,Baby swimming school",,09:30-19:30,09:30-19:30,11:00-19:30,09:00-19:00,11:00-19:00,09:00-14:30,2026-09-07: x,"Aqua-Tots Swim School in Live Oak provides year-round swimming lessons for kids of all ages, including swim lessons for babies and toddlers. Our world-renowned swimming instruction and 'safety first, fun every second' approach features certified swim instructors, a family-friendly environment, and state-of-the-art facility with a cozy 90° pool. Aqua-Tots serves more than 150 communities worldwide and is trusted by parents to teach five million swim lessons every year. Since 1991, we've been committed to a legacy of safety; please visit our website to learn more about swim lessons for children at Aqua-Tots.",,aqua-tots,,,,,Yes,Yes,Yes,Yes,Yes,,,,,,,,,,,,,,,,Yes,,Yes,,,,No,,Yes,,,,,,,,Yes,,https://www.aqua-tots.com/sign-up/?utm_source=GBP&utm_medium=Appointment&utm_campaign=Aqua-Tots%2520Swim%2520School%2520Live%2520Oak,https://www.facebook.com/AquaTotsLiveOak/,https://www.instagram.com/aquatots_liveoak/,,https://www.pinterest.com/aquatotsswimschool/,,https://www.tiktok.com/@aquatotsliveoak,,,https://www.youtube.com/@aquatots,,,No,
Published,Norwood,Aqua-Tots Swim School Norwood,995 Providence Hwy,,,,,,Norwood,MA,US,02062,(781) 984-0606,,https://www.aqua-tots.com/norwood/?utm_source=Google&utm_medium=Organic&utm_campaign=LocalSEO,Swimming school,"Swim club,Swimming pool,Swimwear store,Swimming facility,Swimming instructor,Baby swimming school,Indoor swimming pool",08:00-13:00,08:00-20:00,08:00-20:00,08:00-20:00,08:00-20:00,08:00-20:00,08:00-13:00,,"Aqua-Tots Swim School in Norwood provides year-round swimming lessons for kids of all ages, including swim lessons for babies and toddlers. Our world-renowned swimming instruction and 'safety first, fun every second' approach features certified swim instructors, a family-friendly environment, and state-of-the-art facility with a cozy 90° pool. Aqua-Tots serves more than 150 communities worldwide and is trusted by parents to teach five million swim lessons every year. Since 1991, we've been committed to a legacy of safety; please visit our website to learn more about swim lessons for children at Aqua-Tots.",,aqua-tots,,,,,Yes,Yes,Yes,Yes,,,Yes,,,Yes,Yes,,,,,,,,,,Yes,,Yes,,,,No,,Yes,,,,,,Yes,,Yes,,https://www.aqua-tots.com/sign-up/?utm_source=GBP&utm_medium=Appointment&utm_campaign=Aqua-Tots%2520Swim%2520School%2520Norwood,https://www.facebook.com/AquaTotsNorwood/,https://www.instagram.com/aquatotsnorwood/,,https://www.pinterest.com/aquatotsswimschool/,,https://www.tiktok.com/@aquatotsnorwood,,,https://www.youtube.com/@aquatots,,,No,
Published,248,Aqua-Tots Swim School Bryan College Station,3153 Wildflower Dr.,,,,,,Bryan,TX,US,77802,(979) 314-9879,,https://www.aqua-tots.com/bryan-college-station/?utm_source=Google&utm_medium=Organic&utm_campaign=LocalSEO,Swimming school,"Swim club,Swimming pool,Swimwear store,Swimming facility,Swimming instructor,Baby swimming school,Public swimming pool",,15:00-19:00,09:00-19:00,09:00-19:00,09:00-19:00,12:30-19:00,09:00-12:00,,"Aqua-Tots Swim School in Bryan provides year-round swimming lessons for kids of all ages, including swim lessons for babies and toddlers. Our world-renowned swimming instruction and 'safety first, fun every second' approach features certified swim instructors, a family-friendly environment, and state-of-the-art facility with a cozy 90° pool. Aqua-Tots serves more than 150 communities worldwide and is trusted by parents to teach five million swim lessons every year. Since 1991, we've been committed to a legacy of safety; please visit our website to learn more about swim lessons for children at Aqua-Tots.",,aqua-tots,,,,,Yes,Yes,,,,,,,,,,,,,,,,,,,,,Yes,,,,No,,Yes,,,,,,,,Yes,Yes,https://www.aqua-tots.com/bryan-college-station/sign-up/,https://www.facebook.com/AquaTotsBryanCollegeStation/,https://www.instagram.com/aquatotsofficial/,,,,,,,https://www.youtube.com/@aquatots,,,No,Yes
Published,San Dimas,Aqua-Tots Swim School San Dimas,610 W Arrow Hwy,,,,,,San Dimas,CA,US,91773,(909) 363-0023,,https://www.aqua-tots.com/san-dimas/?utm_source=Google&utm_medium=Organic&utm_campaign=LocalSEO&utm_source=google&utm_medium=organic&utm_campaign=local-seo,Swimming school,"Swim club,Swimming pool,Swimwear store,Swimming facility,Swimming instructor,Baby swimming school",09:00-14:30,12:00-19:30,10:00-19:30,10:00-19:30,12:00-19:30,10:00-14:00,09:00-14:30,,"Aqua-Tots Swim School in San Dimas provides year-round swimming lessons for kids of all ages, including swim lessons for babies and toddlers. Our world-renowned swimming instruction and “safety first, fun every second” approach features certified swim instructors, a family-friendly environment, and state-of-the-art facility with a cozy 90° pool. Aqua-Tots serves more than 150 communities worldwide and is trusted by parents to teach five million swim lessons every year. Since 1991, we’ve been committed to a legacy of safety; please visit our website to learn more about swim lessons for children at Aqua-Tots.",,,,,,,Yes,Yes,,,,,,,,,,,,,,,,,,,,,,,,,No,,Yes,,,,,,Yes,,Yes,Yes,,https://www.facebook.com/AquaTotsSanDimas/,https://www.instagram.com/aquatotssandimas/,,,,,,,,,,,Yes
Published,175,Aqua-Tots Swim School Gokturk,Kayın Sokak 2,Larus Palas,,,,,Göktürk,,TR,34337,(0212) 322 40 00,,http://www.aqua-tots.com.tr/en/?utm_source=Google&utm_medium=Organic&utm_campaign=LocalSEO,Swimming school,"Swim club,Swimming pool,Swimwear store,Swimming facility,Swimming instructor,Baby swimming school,Public swimming pool",,,,,,,,,"Aqua-Tots Swim School in Göktürk provides year-round swimming lessons for kids of all ages, including swim lessons for babies and toddlers. Our world-renowned swimming instruction and ""safety first, fun every second"" approach features certified swim instructors, a family-friendly environment, and state-of-the-art facility with a cozy 90° pool. Aqua-Tots serves more than 150 communities worldwide and is trusted by parents to teach five million swim lessons every year. Since 1991, we've been committed to a legacy of safety; please visit our website to learn more about swim lessons for children at Aqua-Tots.",,"kids swimming lessons in gokturk, kids swimming school in gokturk, toddler swimming lessons in gokturk, toddler swimming school in gokturk, baby swimming lessons in gokturk, swimming instructor in gokturk",+90 212 322 40 00,,,,Yes,Yes,,,,,,,,[NOT APPLICABLE],[NOT APPLICABLE],[NOT APPLICABLE],[NOT APPLICABLE],[NOT APPLICABLE],[NOT APPLICABLE],[NOT APPLICABLE],[NOT APPLICABLE],[NOT APPLICABLE],,,,,,,,,No,,Yes,,,,,,,,Yes,,http://www.aqua-tots.com.tr/en/contact-us/,https://www.facebook.com/aquatotsistanbul,,,,,,,,,,,No,Yes
Published,Chula Vista,Aqua-Tots Swim School Otay Ranch,2015 Birch Road,,,,,,Chula Vista,CA,US,91915,(619) 332-0200,,https://www.aqua-tots.com/otay-ranch/?utm_source=Google&utm_medium=Organic&utm_campaign=LocalSEO,Swimming school,"Swim club,Swimming pool,Swimwear store,Swimming facility,Baby swimming school",09:00-15:00,10:00-20:00,09:30-20:00,09:30-20:00,10:00-20:00,09:30-20:00,08:30-15:00,,"Aqua-Tots Swim School in Otay Ranch provides year-round swimming lessons for kids of all ages, including swim lessons for babies and toddlers. Our world-renowned swimming instruction and 'safety first, fun every second' approach features certified swim instructors, a family-friendly environment, and state-of-the-art facility with a cozy 90° pool. Aqua-Tots serves more than 150 communities worldwide and is trusted by parents to teach five million swim lessons every year. Since 1991, we've been committed to a legacy of safety; please visit our website to learn more about swim lessons for children at Aqua-Tots.",,aqua-tots,+1 619-332-0200,,,,Yes,Yes,Yes,Yes,,,,,,,,,,,,,,,Yes,,,,,,,,No,,Yes,,,,,,Yes,,Yes,Yes,https://www.aqua-tots.com/sign-up/?utm_source=GBP&utm_medium=Appointment&utm_campaign=Aqua-Tots%2520Swim%2520School%2520Otay%2520Ranch,https://www.facebook.com/AquaTotsOtayRanch/,https://www.instagram.com/aquatotssandiego/,,https://www.pinterest.com/aquatotsswimschool/,,https://www.tiktok.com/@aquatotssd,,,https://www.youtube.com/channel/UCvKVHB54fl4jpx2Y4M9t1ZA,,,No,Yes
Published,Olathe,Aqua-Tots Swim School Olathe,11943 S Strang Line Rd.,,,,,,Olathe,KS,US,66062,(913) 353-9852,,https://www.aqua-tots.com/olathe/?utm_source=google&utm_medium=organic&utm_campaign=local-seo,Swimming school,"Swim club,Swimming pool,Swimwear store,Swimming facility,Swimming instructor,Baby swimming school",,09:00-19:30,09:00-19:30,09:00-19:30,09:00-19:30,13:00-19:30,08:30-13:00,2026-09-07: x,"Aqua-Tots Swim School in Olathe provides year-round swimming lessons for kids of all ages, including swim lessons for babies and toddlers. Our world-renowned swimming instruction and 'safety first, fun every second' approach features certified swim instructors, a family-friendly environment, and state-of-the-art facility with a cozy 90° pool. Aqua-Tots serves more than 150 communities worldwide and is trusted by parents to teach five million swim lessons every year. Since 1991, we've been committed to a legacy of safety; please visit our website to learn more about swim lessons for children at Aqua-Tots.",,aqua-tots,+1 913-353-9852,,,,Yes,Yes,Yes,,Yes,,Yes,,,,,,,,,,,,Yes,,Yes,,,,,,No,,Yes,,,,,,Yes,,Yes,Yes,https://www.aqua-tots.com/sign-up/?utm_source=GBP&utm_medium=Appointment&utm_campaign=Aqua-Tots%2520Swim%2520School%2520Olathe,https://www.facebook.com/AquaTotsOlathe/,https://www.instagram.com/aquatotskc/,,https://www.pinterest.com/aquatotsswimschool/,,,,,https://www.youtube.com/@aquatots,,,No,Yes
Published,Old Bridge,Aqua-Tots Swim School Old Bridge,3853 US-9,,,,,,Old Bridge,NJ,US,08857,(732) 227-4515,,https://www.aqua-tots.com/old-bridge/?utm_source=Google&utm_medium=Organic&utm_campaign=LocalSEO,Swimming school,"Swimwear store,Baby swimming school",08:00-13:30,12:00-20:00,,08:00-20:00,12:00-20:00,,08:00-14:00,,"Aqua-Tots Swim School in Old Bridge provides year-round swimming lessons for kids of all ages, including swim lessons for babies and toddlers. Our world-renowned swimming instruction and ""safety first, fun every second"" approach features certified swim instructors, a family-friendly environment, and state-of-the-art facility with a cozy 90° pool. Aqua-Tots serves more than 150 communities worldwide and is trusted by parents to teach five million swim lessons every year. Since 1991, we've been committed to a legacy of safety; please visit our website to learn more about swim lessons for children at Aqua-Tots.",,aqua-tots,,,,,Yes,Yes,Yes,,,,,,,,,,,,,,,,,,,,,,,,No,,Yes,,,,,,,,Yes,,https://www.aqua-tots.com/sign-up/?utm_source=GBP&utm_medium=Appointment&utm_campaign=Aqua-%2520Tots%2520Swim%2520School%2520Old%2520Bridge,https://www.facebook.com/AquaTotsOldBridge/,https://www.instagram.com/aquatots_oldbridge/,,https://www.pinterest.com/aquatotsswimschool/,,https://www.tiktok.com/@aquatots.new.jersey,,,https://www.youtube.com/@aquatots,,,No,
Published,162,Aqua-Tots Swim School Alpharetta,3005 Old Alabama Road,,,,,,Alpharetta,GA,US,30022,(770) 282-8123,,https://www.aqua-tots.com/alpharetta?utm_source=Google&utm_medium=Organic&utm_campaign=LocalSEO,Swimming school,"Swim club,Swimming pool,Swimwear store,Swimming facility,Swimming instructor,Baby swimming school",09:00-13:30,,12:00-20:00,12:00-20:00,12:00-20:00,12:00-20:00,08:00-15:00,2026-09-07: x,"Aqua-Tots Swim School in Alpharetta provides year-round swimming lessons for kids of all ages, including swim lessons for babies and toddlers. Our world-renowned swimming instruction and 'safety first, fun every second' approach features certified swim instructors, a family-friendly environment, and state-of-the-art facility with a cozy 90° pool. Aqua-Tots serves more than 150 communities worldwide and is trusted by parents to teach five million swim lessons every year. Since 1991, we've been committed to a legacy of safety; please visit our website to learn more about swim lessons for children at Aqua-Tots.",,aqua-tots,+1 770-282-8123,,,,Yes,Yes,Yes,,No,,,,,,,,,,,,,,,,,,,,,,No,,Yes,,,,,,Yes,,Yes,Yes,https://www.aqua-tots.com/sign-up/?utm_source=GBP&utm_medium=Appointment&utm_campaign=Aqua-Tots%2520Swim%2520School%2520Alpharetta,https://www.facebook.com/AquaTotsAlpharetta/,https://www.instagram.com/aquatotsalpharetta/,,https://www.pinterest.com/aquatotsswimschool/,,,,,https://www.youtube.com/@aquatots,,,No,Yes
Published,245,Aqua-Tots Swim School Falls Church,1104b W Broad St,,,,,,Falls Church,VA,US,22046,(571) 356-9985,,https://www.aqua-tots.com/falls-church/?utm_source=Google&utm_medium=Organic&utm_campaign=LocalSEO,Swimming school,"Swim club,Swimming pool,Swimwear store,Swimming facility,Swimming instructor,Baby swimming school",08:30-14:00,09:30-20:00,10:00-20:00,10:00-20:00,09:30-20:00,10:00-20:00,08:30-14:00,2026-09-07: x,"Aqua-Tots Swim School in Falls Church provides year-round swimming lessons for kids of all ages, including swim lessons for babies and toddlers. Our world-renowned swimming instruction and 'safety first, fun every second' approach features certified swim instructors, a family-friendly environment, and state-of-the-art facility with a cozy 90° pool. Aqua-Tots serves more than 150 communities worldwide and is trusted by parents to teach five million swim lessons every year. Since 1991, we've been committed to a legacy of safety; please visit our website to learn more about swim lessons for children at Aqua-Tots.",,aqua-tots,,,,,Yes,Yes,Yes,Yes,,,,,,No,No,,,,,,,,,,,,Yes,,,,No,,Yes,,,,,,Yes,,Yes,Yes,https://www.aqua-tots.com/sign-up/?utm_source=GBP&utm_medium=Appointment&utm_campaign=Aqua-Tots%2520Swim%2520School%2520Falls%2520Church,https://www.facebook.com/AquaTotsFallsChurch,https://www.instagram.com/AquaTotsFallsChurch/,,https://www.pinterest.com/aquatotsswimschool/,,,,,https://www.youtube.com/@aquatots,,Yes,No,
Published,Phoenix,Aqua-Tots Swim School Paradise Valley,12825 North Tatum Boulevard,,,,,,Phoenix,AZ,US,85032,(480) 499-5419,,https://www.aqua-tots.com/paradise-valley/?utm_source=Google&utm_medium=Organic&utm_campaign=LocalSEO,Swimming school,"Swim club,Swimming pool,Swimwear store,Swimming facility,Swimming instructor,Baby swimming school",08:00-13:30,,08:30-19:30,14:00-19:30,08:30-19:30,08:30-19:30,08:00-13:30,,"Aqua-Tots Swim School in Paradise Valley provides year-round swimming lessons for kids of all ages, including swim lessons for babies and toddlers. Our world-renowned swimming instruction and 'safety first, fun every second' approach features certified swim instructors, a family-friendly environment, and state-of-the-art facility with a cozy 90° pool. Aqua-Tots serves more than 150 communities worldwide and is trusted by parents to teach five million swim lessons every year. Since 1991, we've been committed to a legacy of safety; please visit our website to learn more about swim lessons for children at Aqua-Tots.",,aqua-tots,+1 480-499-5419,,,,Yes,Yes,Yes,,,,,,,,,,,,,,,,,,,,Yes,,,,No,,Yes,,,,,,Yes,,Yes,Yes,https://www.aqua-tots.com/sign-up/?utm_source=GBP&utm_medium=Appointment&utm_campaign=Aqua-Tots%2520Swim%2520School%2520Paradise%2520Valley,https://www.facebook.com/AquaTotsParadiseValley/,https://www.instagram.com/aquatots_paradisevalley/,,https://www.pinterest.com/aquatotsswimschool/,,,,,https://www.youtube.com/@aquatots,,,No,Yes
Published,206,Aqua-Tots Swim School Holly Springs,313 Matthews Dr.,,,,,,Holly Springs,NC,US,27540,(919) 948-6644,,https://www.aqua-tots.com/holly-springs/?utm_source=Google&utm_medium=Organic&utm_campaign=LocalSEO,Swimming school,"Swim club,Swimming pool,Swimming facility,Swimming instructor,Baby swimming school",09:45-14:45,12:00-20:00,12:00-20:00,09:15-20:00,12:00-20:00,12:00-20:00,08:00-13:30,2026-09-07: x,"Aqua-Tots Swim School in Holly Springs provides year-round swimming lessons for kids of all ages, including swim lessons for babies and toddlers. Our world-renowned swimming instruction and 'safety first, fun every second' approach features certified swim instructors, a family-friendly environment, and state-of-the-art facility with a cozy 90° pool. Aqua-Tots serves more than 150 communities worldwide and is trusted by parents to teach five million swim lessons every year. Since 1991, we've been committed to a legacy of safety; please visit our website to learn more about swim lessons for children at Aqua-Tots.",,aqua-tots,(919) 948-6644,,,,Yes,Yes,,,Yes,,,,,,,,,,,,,,,,,,,,,,No,,Yes,,,,,,Yes,,Yes,Yes,https://www.aqua-tots.com/sign-up/?utm_source=GBP&utm_medium=Appointment&utm_campaign=Aqua-Tots%2520Swim%2520School%2520Holly%2520Springs,https://www.facebook.com/AquaTotsHollySprings/,https://www.instagram.com/aquatots_hollysprings/,,https://www.pinterest.com/aquatotsswimschool/,,,,,https://www.youtube.com/@aquatots,,,No,Yes
Published,169,Aqua-Tots Swim School Costa Mesa,2200 Harbor Boulevard,,,,,,Costa Mesa,CA,US,92627,(949) 464-4141,,https://www.aqua-tots.com/costa-mesa/?utm_source=Google&utm_medium=Organic&utm_campaign=LocalSEO,Swimming school,"Swim club,Swimming pool,Swimwear store,Swimming facility,Swimming instructor,Baby swimming school",09:00-14:30,10:00-20:00,09:00-20:00,09:00-20:00,10:00-20:00,09:00-20:00,09:00-14:30,"2026-09-05: x, 2026-09-06: x, 2026-09-07: x","Aqua-Tots Swim School in Costa Mesa provides year-round swimming lessons for kids of all ages, including swim lessons for babies and toddlers. Our world-renowned swimming instruction and 'safety first, fun every second' approach features certified swim instructors, a family-friendly environment, and state-of-the-art facility with a cozy 90° pool. Aqua-Tots serves more than 150 communities worldwide and is trusted by parents to teach five million swim lessons every year. Since 1991, we've been committed to a legacy of safety; please visit our website to learn more about swim lessons for children at Aqua-Tots.",,aqua-tots,+1 949-464-4141,,,,Yes,Yes,,,,,,,,,,,,,,,,,Yes,,,,,,,,No,,Yes,,,,,,Yes,,Yes,Yes,https://www.aqua-tots.com/sign-up/?utm_source=GBP&utm_medium=Appointment&utm_campaign=Aqua-Tots%2520Swim%2520School%2520Costa%2520Mesa,https://www.facebook.com/AquaTotsCostaMesa/,https://www.instagram.com/aquatotsoc/,,https://www.pinterest.com/aquatotsswimschool/,,https://www.tiktok.com/@aquatotsoc,,,https://www.youtube.com/channel/UCvKVHB54fl4jpx2Y4M9t1ZA,,,Yes,Yes
Published,Phoenix-1,Aqua-Tots Swim School North Phoenix,1930 West Pinnacle Peak Road,,,,,,Phoenix,AZ,US,85027,(623) 879-7408,,https://www.aqua-tots.com/north-phoenix/?utm_source=Google&utm_medium=Organic&utm_campaign=LocalSEO,Swimming school,"Swimming pool,Swimwear store,Swimming facility,Swimming instructor,Baby swimming school",10:00-14:30,08:00-19:30,08:00-19:30,08:00-19:30,08:00-19:30,08:00-19:30,08:00-14:30,,"Aqua-Tots Swim School in Phoenix provides year-round swimming lessons for kids of all ages, including swim lessons for babies and toddlers. Our world-renowned swimming instruction and 'safety first, fun every second' approach features certified swim instructors, a family-friendly environment, and state-of-the-art facility with a cozy 90° pool. Aqua-Tots serves more than 150 communities worldwide and is trusted by parents to teach five million swim lessons every year. Since 1991, we've been committed to a legacy of safety; please visit our website to learn more about swim lessons for children at Aqua-Tots.",,aqua-tots,+1 623-879-7408,,,,Yes,Yes,Yes,,,,,,,,,,,,,,,,,,,,,,,,No,,Yes,,,,,,Yes,,Yes,Yes,https://www.aqua-tots.com/sign-up/?utm_source=GBP&utm_medium=Appointment&utm_campaign=Aqua-Tots%2520Swim%2520School%2520North%2520Phoenix,https://www.facebook.com/AquaTotsNorthPhoenix/,https://www.instagram.com/aquatots_northphoenix/,,https://www.pinterest.com/aquatotsswimschool/,,https://www.tiktok.com/@aquatots_northphx,,,https://www.youtube.com/@aquatots,,,No,Yes
Published,119,Aqua-Tots Swim School Henrico-Richmond,7508 W. Broad St.,,,,,,Henrico,VA,US,23294,(804) 740-1185,,https://www.aqua-tots.com/henrico-richmond/?utm_source=Google&utm_medium=Organic&utm_campaign=LocalSEO,Swimming school,"Swim club,Swimming facility,Swimming instructor,Baby swimming school,Indoor swimming pool",,12:00-20:00,12:00-20:00,09:00-20:00,09:00-20:00,09:00-20:00,08:00-13:00,,"Aqua-Tots Swim School in Henrico provides year-round swimming lessons for kids of all ages, including swim lessons for babies and toddlers. Our world-renowned swimming instruction and 'safety first, fun every second' approach features certified swim instructors, a family-friendly environment, and state-of-the-art facility with a cozy 90° pool. Aqua-Tots serves more than 150 communities worldwide and is trusted by parents to teach five million swim lessons every year. Since 1991, we've been committed to a legacy of safety; please visit our website to learn more about swim lessons for children at Aqua-Tots.",,aqua-tots,+1 804-740-1185,,,,Yes,Yes,Yes,,,,,,,,,,,,,,,,,,,,,,,,No,,Yes,,,,,,Yes,,Yes,Yes,https://www.aqua-tots.com/sign-up/?utm_source=GBP&utm_medium=Appointment&utm_campaign=Aqua-Tots%2520Swim%2520School%2520Hoang%2520Cau,https://www.facebook.com/AquaTotsRichmond/,https://www.instagram.com/aquatotsrichmond/,,https://www.pinterest.com/aquatotsswimschool/,,,,,https://www.youtube.com/@aquatots,,,No,Yes
Published,Pasadena,Aqua-Tots Swim School Pasadena,5968 Fairmont Parkway,,,,,,Pasadena,TX,US,77505,(281) 764-5644,,https://www.aqua-tots.com/pasadena/?utm_source=Google&utm_medium=Organic&utm_campaign=LocalSEO,Swimming school,"Swim club,Swimming pool,Swimming facility,Swimming instructor,Baby swimming school",,14:00-20:00,14:00-20:00,14:00-20:00,10:00-20:00,10:00-20:00,09:00-14:15,2026-07-04: x,"Aqua-Tots Swim School in Pasadena provides year-round swimming lessons for kids of all ages, including swim lessons for babies and toddlers. Our world-renowned swimming instruction and 'safety first, fun every second' approach features certified swim instructors, a family-friendly environment, and state-of-the-art facility with a cozy 90° pool. Aqua-Tots serves more than 150 communities worldwide and is trusted by parents to teach five million swim lessons every year. Since 1991, we've been committed to a legacy of safety; please visit our website to learn more about swim lessons for children at Aqua-Tots.",,aqua-tots,+1 281-764-5644,,,,Yes,Yes,Yes,Yes,,,,,,,,,,,,,,,,,,,,,,,No,,Yes,,,,,,Yes,,Yes,,https://www.aqua-tots.com/sign-up/?utm_source=GBP&utm_medium=Appointment&utm_campaign=Aqua-Tots%2520Swim%2520School%2520Pasadena,https://www.facebook.com/AquaTotsPasadena/,https://www.instagram.com/aquatotspasadena/,,https://www.pinterest.com/aquatotsswimschool/,,https://www.tiktok.com/@aquatotspasadena,,,https://www.youtube.com/@aquatots,,,No,Yes
Published,Aqua-Tots Swim Schools Sriracha,Aqua-Tots Swim Schools Sriracha,188 Si Racha-Nong Yai Bu Road,"294 หมู่ที่ 1, Tambon Surasak, Si Racha District",,,,,Chon Buri,,TH,20230,092 888 7855,,https://thailand.aqua-tots.com/school/ศรีราชา/?lang=th&utm_source=Google&utm_medium=Organic&utm_campaign=LocalSEO,Swimming school,"Swim club,Swimming pool,Swimwear store,Swimming facility,Swimming instructor,Baby swimming school,Public swimming pool",09:00-18:00,,10:00-19:00,10:00-19:00,10:00-19:00,10:00-19:00,09:00-18:00,,"Aqua-Tots offers swim levels for all ages and skill levels. Build your kids, toddlers, adults, and infants confidence in swimming for life.",2020-12-28,,,,,,,Yes,,,Yes,,,,,,,[NOT APPLICABLE],[NOT APPLICABLE],[NOT APPLICABLE],[NOT APPLICABLE],[NOT APPLICABLE],[NOT APPLICABLE],[NOT APPLICABLE],,No,Yes,Yes,Yes,No,No,No,No,,,,,,,,,,,,,https://www.facebook.com/AquaTotsSriracha/,https://www.instagram.com/aquatotssriracha/,,,[NOT APPLICABLE],https://www.tiktok.com/@aquatotssriracha,[NOT APPLICABLE],,,,,,
Published,Khon Kaen,Aqua-Tots Swim School Khonkaen,599/9 หมู่ 7 ถนน รอบบึงหนองโคตร,,,,,Mueang Khon Kaen District,Khon Kaen,Khon Kaen,TH,40000,088 664 4299,,https://www.aqua-tots.com/khonkaen/?utm_source=Google&utm_medium=Organic&utm_campaign=LocalSEO,Swimming school,"Swim club,Swimming pool,Swimwear store,Swimming facility,Swimming instructor,Baby swimming school,Public swimming pool",09:30-18:30,10:00-19:00,10:00-19:00,,10:00-19:00,10:00-19:00,09:30-18:30,,"Aqua-Tots Swim School in Khon Kaen provides year-round swimming lessons for kids of all ages, including swim lessons for babies and toddlers. Our world-renowned swimming instruction and “safety first, fun every second” approach features certified swim instructors, a family-friendly environment, and state-of-the-art facility with a cozy 90° pool. Aqua-Tots serves more than 150 communities worldwide and is trusted by parents to teach five million swim lessons every year. Since 1991, we’ve been committed to a legacy of safety; please visit our website to learn more about swim lessons for children at Aqua-Tots.",,,,,,,Yes,Yes,Yes,Yes,,,,,,,,[NOT APPLICABLE],[NOT APPLICABLE],[NOT APPLICABLE],[NOT APPLICABLE],[NOT APPLICABLE],[NOT APPLICABLE],[NOT APPLICABLE],,,,,,,,,No,,,,,,,,,,,,https://www.aqua-tots.com/sign-up/?utm_source=GBP&utm_medium=Appointment&utm_campaign=Aqua-Tots%2520Swim%2520School%2520Khonkaen,https://www.facebook.com/aquatotskhonkaen/,https://www.instagram.com/aquatotskhonkaen/,,https://www.pinterest.com/aquatotsswimschool/,[NOT APPLICABLE],,[NOT APPLICABLE],,https://www.youtube.com/@aquatots,,,,
Published,Aqua-Tots Swim School Duong Kinh,Aqua-Tots Swim School Duong Kinh,Đường Số 3,"Khu dân cư, Sao Đỏ",,,,,Quận Dương Kinh,Hải Phòng,VN,,0225 7108 889,,https://www.aqua-tots.com/duong-kinh/?utm_source=Google&utm_medium=Organic&utm_campaign=LocalSEO,Swimming school,"Swim club,Swimming pool,Swimwear store,Swimming facility,Swimming instructor,Baby swimming school,Public swimming pool",09:00-19:00,,09:00-19:00,09:00-19:00,09:00-19:00,09:00-19:00,09:00-19:00,,"Aqua-Tots Swim School in Dương Kinh provides year-round swimming lessons for kids of all ages, including swim lessons for babies and toddlers. Our world-renowned swimming instruction and “safety first, fun every second” approach features certified swim instructors, a family-friendly environment, and state-of-the-art facility with a cozy 90° pool. Aqua-Tots serves more than 150 communities worldwide and is trusted by parents to teach five million swim lessons every year. Since 1991, we’ve been committed to a legacy of safety; please visit our website to learn more about swim lessons for children at Aqua-Tots.",2019-11-10,,,,,,Yes,Yes,Yes,Yes,,,,,,,,[NOT APPLICABLE],[NOT APPLICABLE],[NOT APPLICABLE],[NOT APPLICABLE],[NOT APPLICABLE],[NOT APPLICABLE],[NOT APPLICABLE],,,,,,,,,,,,,,,,,,,,,https://www.aqua-tots.com/sign-up/?utm_source=GBP&utm_medium=Appointment&utm_campaign=Aqua-Tots%2520Swim%2520School%2520Duong%2520Kinh,https://www.facebook.com/AquaTotsDuongKinh/,https://www.instagram.com/aquatotsofficial/,,https://www.pinterest.com/aquatotsswimschool/,[NOT APPLICABLE],,[NOT APPLICABLE],,https://www.youtube.com/@aquatots,,Yes,,Yes
Published,Spring,Aqua-Tots Swim School Spring/Klein,6935 Cypresswood Drive,,,,,,Spring,TX,US,77379,(832) 720-6339,,https://www.aqua-tots.com/spring-klein/?utm_source=Google&utm_medium=Organic&utm_campaign=LocalSEO,Swimming school,"Swim club,Swimming pool,Swimwear store,Swimming facility,Swimming instructor,Baby swimming school",,09:00-20:00,09:00-20:00,09:00-20:00,09:00-20:00,09:00-20:00,09:00-14:00,,"Aqua-Tots Swim School in Spring provides year-round swimming lessons for kids of all ages, including swim lessons for babies and toddlers. Our world-renowned swimming instruction and 'safety first, fun every second' approach features certified swim instructors, a family-friendly environment, and state-of-the-art facility with a cozy 90° pool. Aqua-Tots serves more than 150 communities worldwide and is trusted by parents to teach five million swim lessons every year. Since 1991, we've been committed to a legacy of safety; please visit our website to learn more about swim lessons for children at Aqua-Tots.",2018-01-15,aqua-tots,+1 832-720-6339,,,,Yes,Yes,,,Yes,Yes,Yes,,,,,,,,,,,,,,Yes,,Yes,,,,No,Yes,Yes,No,,,Yes,,Yes,Yes,Yes,No,https://www.aqua-tots.com/sign-up/?utm_source=GBP&utm_medium=Appointment&utm_campaign=Aqua-Tots%2520Swim%2520School%2520Spring/Klein,https://www.facebook.com/AquaTotsSpringKlein,https://www.instagram.com/aquatotsspringklein/,,https://www.pinterest.com/aquatotsswimschool/,,https://www.tiktok.com/@aquatotsspringklein,,,https://www.youtube.com/@aquatots,,Yes,No,Yes
Published,259,Aqua Tots Swim School Heartland,5980 McLaughlin Rd.,,,,,,Mississauga,ON,CA,L5R 3X9,(289) 998-4440,,https://www.aqua-tots.com/heartland/?utm_source=Google&utm_medium=Organic&utm_campaign=LocalSEO,Swimming school,"Swim club,Swimwear store,Swimming facility,Baby swimming school",08:30-18:00,13:00-20:30,08:30-20:30,09:00-20:30,09:00-20:30,,08:00-18:00,,"Aqua-Tots Swim School in Mississauga provides year-round swimming lessons for kids of all ages, including swim lessons for babies and toddlers. Our world-renowned swimming instruction and 'safety first, fun every second' approach features certified swim instructors, a family-friendly environment, and state-of-the-art facility with a cozy 90° pool. Aqua-Tots serves more than 150 communities worldwide and is trusted by parents to teach five million swim lessons every year. Since 1991, we've been committed to a legacy of safety; please visit our website to learn more about swim lessons for children at Aqua-Tots.",,aqua-tots,,,,,Yes,Yes,Yes,Yes,,,,,,,,[NOT APPLICABLE],[NOT APPLICABLE],[NOT APPLICABLE],[NOT APPLICABLE],[NOT APPLICABLE],[NOT APPLICABLE],[NOT APPLICABLE],Yes,,,,,,,,No,,Yes,,,,,,Yes,,Yes,Yes,https://www.aqua-tots.com/heartland/sign-up/,https://www.facebook.com/AquaTotsHeartland/,https://www.instagram.com/aquatotsheartland/,,,,https://www.tiktok.com/@aquatotsheartland,,,https://www.youtube.com/@aquatots,,,No,Yes
Published,17512224563624036589,Aqua-Tots Swim School Braintree,270 Grove St,,,,,,Braintree,MA,US,02184,(781) 345-4004,,https://www.aqua-tots.com/braintree/?utm_source=Google&utm_medium=Organic&utm_campaign=LocalSEO,Swimming school,"Swimming pool,Swim club,Swimwear store,Swimming facility,Swimming instructor,Baby swimming school",,15:00-20:00,08:30-20:00,08:30-20:00,08:30-20:00,08:30-20:00,08:00-13:00,,"Aqua-Tots Swim School in Braintree provides year-round swimming lessons for kids of all ages, including swim lessons for babies and toddlers. Our world-renowned swimming instruction and “safety first, fun every second” approach features certified swim instructors, a family-friendly environment, and state-of-the-art facility with a cozy 90° pool. Aqua-Tots serves more than 150 communities worldwide and is trusted by parents to teach five million swim lessons every year. Since 1991, we’ve been committed to a legacy of safety; please visit our website to learn more about swim lessons for children at Aqua-Tots.",2025-10-01,,,,,,Yes,Yes,,,Yes,,,,,,,,,,,,,,,,,,,,,,No,,Yes,,,,,,Yes,,Yes,Yes,,http://facebook.com/aquatotsbraintree,https://www.instagram.com/aquatotsbraintree/,,,,,,,,,,No,Yes
Published,Mississauga,Aqua-Tots Swim School Mississauga,1970 Dundas Street East,,,,,,Mississauga,ON,CA,L4X 2W7,(905) 848-2782,,https://www.aqua-tots.com/mississauga-east/?utm_source=google&utm_medium=organic&utm_campaign=local-seo,Swimming school,"Swim club,Swimming instructor,Baby swimming school,Indoor swimming pool",08:00-19:00,13:30-21:00,09:00-21:00,09:00-21:00,09:00-21:00,15:30-21:00,08:00-19:00,,"Aqua-Tots Swim School in Mississauga provides year-round swimming lessons for kids of all ages, including swim lessons for babies and toddlers. Our world-renowned swimming instruction and 'safety first, fun every second' approach features certified swim instructors, a family-friendly environment, and state-of-the-art facility with a cozy 90° pool. Aqua-Tots serves more than 150 communities worldwide and is trusted by parents to teach five million swim lessons every year. Since 1991, we've been committed to a legacy of safety; please visit our website to learn more about swim lessons for children at Aqua-Tots.",,aqua-tots,+1 905-848-2782,,,,Yes,Yes,Yes,,,,,,,,,[NOT APPLICABLE],[NOT APPLICABLE],[NOT APPLICABLE],[NOT APPLICABLE],[NOT APPLICABLE],[NOT APPLICABLE],[NOT APPLICABLE],,,,,,,,,No,,Yes,,,,,,Yes,,Yes,Yes,https://www.aqua-tots.com/sign-up/?utm_source=GBP&utm_medium=Appointment&utm_campaign=Aqua-Tots%2520Swim%2520School%2520Mississauga,https://www.facebook.com/AquaTotsMississauga/,https://www.instagram.com/aquatotsmississauga/,,https://www.pinterest.com/aquatotsswimschool/,,,,,https://www.youtube.com/@aquatots,,,No,Yes
Published,Wheaton,Aqua-Tots Swim School Wheaton,1245 Butterfield Rd.,,,,,,Wheaton,IL,US,60189,(630) 348-6550,,https://www.aqua-tots.com/wheaton/?utm_source=Google&utm_medium=Organic&utm_campaign=LocalSEO,Swimming school,"Swim club,Swimming pool,Swimwear store,Swimming facility,Swimming instructor,Baby swimming school",,15:00-18:00,15:00-19:00,09:00-19:00,15:00-19:00,15:00-19:00,09:00-13:00,"2026-08-07: 15:00-19:00, 2026-08-14: 15:00-19:00","Aqua-Tots Swim School in Wheaton provides year-round swimming lessons for kids of all ages, including swim lessons for babies and toddlers. Our world-renowned swimming instruction and 'safety first, fun every second' approach features certified swim instructors, a family-friendly environment, and state-of-the-art facility with a cozy 90° pool. Aqua-Tots serves more than 150 communities worldwide and is trusted by parents to teach five million swim lessons every year. Since 1991, we've been committed to a legacy of safety; please visit our website to learn more about swim lessons for children at Aqua-Tots.",,aqua-tots,+1 630-348-6550,,,,Yes,Yes,Yes,,,,,,,,,,,,,,,,,,,,,,,,No,,Yes,,,,,,Yes,,Yes,Yes,https://www.aqua-tots.com/sign-up/?utm_source=GBP&utm_medium=Appointment&utm_campaign=Aqua-Tots%2520Swim%2520School%2520Wheaton,https://www.facebook.com/AquaTotsWheaton/,https://www.instagram.com/aquatotswheaton/,,https://www.pinterest.com/aquatotsswimschool/,,,,,https://www.youtube.com/@aquatots,,,No,Yes
Published,Canton,Aqua-Tots Swim School North Canton,4397 Whipple Avenue Northwest,,,,,,Canton,OH,US,44718,(330) 236-5000,,https://www.aqua-tots.com/north-canton/?utm_source=google&utm_medium=organic&utm_campaign=local-seo,Swimming school,"Swim club,Swimming pool,Swimming facility,Swimming instructor,Public swimming pool",,12:00-20:00,12:00-20:00,09:30-20:00,08:30-20:00,14:30-19:00,08:00-14:00,"2026-07-03: x, 2026-07-04: x, 2026-07-05: x, 2026-07-06: x, 2026-09-07: x","Aqua-Tots Swim School in North Canton, Ohio provides year-round swimming lessons for kids of all ages, including swim lessons for babies and toddlers. We are located in Springbrook Plaza next to X-Golf and Sky Zone. Our world-renowned swimming instruction and ""safety first, fun every second"" approach features certified swim instructors, a family-friendly environment, and state-of-the-art facility with a cozy 90° pool. Aqua-Tots serves more than 150 communities worldwide and is trusted by parents to teach five million swim lessons every year. Since 1991, we've been committed to a legacy of safety; please visit our website to learn more about swim lessons for children at Aqua-Tots.",2024-06-15,aqua-tots,,,,,Yes,Yes,Yes,Yes,Yes,,Yes,,,,,,,,,,,,,,Yes,,Yes,,,,No,,Yes,,,,,,Yes,Yes,Yes,,https://www.aqua-tots.com/sign-up/?utm_source=GBP&utm_medium=Appointment&utm_campaign=Aqua-Tots%2520Swim%2520School%2520North%2520Canton,https://www.facebook.com/aquatotsnorthcanton/,https://www.instagram.com/aquatotsnorthcanton/,,https://www.pinterest.com/aquatotsswimschool/,sms:+13302365000,,,,https://www.youtube.com/@aquatots,,,No,Yes
Published,01471053035059433644,Aqua-Tots Swim School Conshohocken,200 Ridge Pike #123,,,,,,Conshohocken,PA,US,19428-3702,(484) 534-4240,,https://www.aqua-tots.com/conshohocken/,Swimming school,"Swim club,Swimming pool,Swimming facility,Swimming instructor,Baby swimming school",08:00-16:00,,09:00-20:00,09:00-20:00,09:00-20:00,09:00-20:00,08:00-16:00,,"Aqua-Tots Swim School in Conshohocken provides year-round swimming lessons for kids of all ages, including swim lessons for babies and toddlers. Our world-renowned swimming instruction and “safety first, fun every second” approach features certified swim instructors, a family-friendly environment, and state-of-the-art facility with a cozy 90° pool. Aqua-Tots serves more than 150 communities worldwide and is trusted by parents to teach five million swim lessons every year. Since 1991, we’ve been committed to a legacy of safety; please visit our website to learn more about swim lessons for children at Aqua-Tots.",,,,,,,Yes,Yes,,,Yes,Yes,Yes,,,,,,,,,,,,,No,Yes,,,,,,No,,Yes,Yes,No,,Yes,,Yes,Yes,Yes,No,,https://www.facebook.com/aquatotsconshohocken,https://www.instagram.com/aquatotsconshohocken/,,,sms:+14845344240,,,,https://www.youtube.com/channel/UCmJEqcjvGI7e1ugSpVGXfiQ,Text message (text_messaging),Yes,No,Yes
Published,Shenandoah,Aqua-Tots Swim School in The Woodlands,17943 Interstate 45 North,Suite 230,,,,,Shenandoah,TX,US,77385,(281) 310-5561,,https://www.aqua-tots.com/the-woodlands/?utm_source=Google&utm_medium=Organic&utm_campaign=LocalSEO,Swimming school,"Swimming facility,Swimming instructor,Indoor swimming pool",,"09:00-13:00, 15:30-19:00",15:30-19:00,"09:00-13:00, 15:30-19:00",15:30-19:00,"09:00-13:00, 15:30-19:00",09:00-13:45,2026-09-07: x,"Aqua-Tots Swim School in Shenandoah provides year-round swimming lessons for kids of all ages, including swim lessons for babies and toddlers. Our world-renowned swimming instruction and 'safety first, fun every second' approach features certified swim instructors, a family-friendly environment, and state-of-the-art facility with a cozy 90° pool. Aqua-Tots serves more than 150 communities worldwide and is trusted by parents to teach five million swim lessons every year. Since 1991, we've been committed to a legacy of safety; please visit our website to learn more about swim lessons for children at Aqua-Tots.",,aqua-tots,+1 281-310-5561,,,,Yes,Yes,Yes,,,,,,,,,,,,,,,,,,,,,,,,No,,Yes,,,,,,Yes,,Yes,Yes,https://www.aqua-tots.com/sign-up/?utm_source=GBP&utm_medium=Appointment&utm_campaign=Aqua-Tots%2520Swim%2520School%2520in%2520The%2520Woodlands,https://www.facebook.com/AquaTotsTheWoodlands/,https://www.instagram.com/aquatots_thewoodlands/,,https://www.pinterest.com/aquatotsswimschool/,,,,,https://www.youtube.com/@aquatots,,,No,Yes
Published,132,Aqua-Tots Swim School Cary,2765 North Carolina 55,,,,,,Cary,NC,US,27519,(919) 447-1234,,https://www.aqua-tots.com/cary/?utm_source=google&utm_medium=organic&utm_campaign=local-seo,Swimming school,"Swim club,Swimming pool,Swimwear store,Swimming instructor,Baby swimming school",10:00-14:30,14:00-20:00,09:00-20:00,14:00-20:00,14:00-20:00,14:00-20:00,08:30-18:00,"2026-09-06: x, 2026-09-07: x","Aqua-Tots Swim School in Cary provides year-round swimming lessons for kids of all ages, including swim lessons for babies and toddlers. Our world-renowned swimming instruction and 'safety first, fun every second' approach features certified swim instructors, a family-friendly environment, and state-of-the-art facility with a cozy 90° pool. Aqua-Tots serves more than 150 communities worldwide and is trusted by parents to teach five million swim lessons every year. Since 1991, we've been committed to a legacy of safety; please visit our website to learn more about swim lessons for children at Aqua-Tots.",,aqua-tots,+1 919-447-1234,,,,Yes,Yes,Yes,,Yes,,,,,,,,,,,,,,,,,,,,,,No,,Yes,,,,,,Yes,,Yes,Yes,https://www.aqua-tots.com/sign-up/?utm_source=GBP&utm_medium=Appointment&utm_campaign=Aqua-Tots%2520Swim%2520School%2520Cary,https://www.facebook.com/AquaTotsCary/,https://www.instagram.com/aquatotscary/,,https://www.pinterest.com/aquatotsswimschool/,,https://www.tiktok.com/@aquatotscary,,,https://www.youtube.com/@aquatots,,,No,Yes
Published,Charlotte,Aqua-Tots Swim School Myers Park,2935 Providence Road,,,,,,Charlotte,NC,US,28211,(704) 585-8155,,https://www.aqua-tots.com/myers-park/?utm_source=Google&utm_medium=Organic&utm_campaign=LocalSEO,Swimming school,"Swim club,Swimming pool,Swimwear store,Swimming facility,Swimming instructor,Baby swimming school",08:30-14:00,09:00-19:15,09:00-19:15,13:00-19:15,13:00-19:15,09:00-19:30,08:30-14:00,2026-09-07: x,"Aqua-Tots Swim School in Charlotte provides year-round swimming lessons for kids of all ages, including swim lessons for babies and toddlers. Our world-renowned swimming instruction and 'safety first, fun every second' approach features certified swim instructors, a family-friendly environment, and state-of-the-art facility with a cozy 90° pool. Aqua-Tots serves more than 150 communities worldwide and is trusted by parents to teach five million swim lessons every year. Since 1991, we've been committed to a legacy of safety; please visit our website to learn more about swim lessons for children at Aqua-Tots.",,aqua-tots,+1 704-585-8155,,,,Yes,Yes,Yes,,,,,,,,,,,,,,,,,,,,,,,,No,,Yes,,,,,,Yes,,Yes,Yes,https://www.aqua-tots.com/sign-up/?utm_source=GBP&utm_medium=Appointment&utm_campaign=Aqua-Tots%2520Swim%2520School%2520Myers%2520Park,https://www.facebook.com/AquaTotsMyersPark/,https://www.instagram.com/aquatots_myerspark/,,https://www.pinterest.com/aquatotsswimschool/,,https://www.tiktok.com/@aquatots.myers.park,,,https://www.youtube.com/@aquatots,,,No,Yes
Published,Littleton,Aqua-Tots Swim School Littleton,8996 West Bowles Avenue,,,,,,Littleton,CO,US,80123,(720) 446-5650,,https://www.aqua-tots.com/littleton/?utm_source=Google&utm_medium=Organic&utm_campaign=LocalSEO,Swimming school,"Swim club,Swimming pool,Swimwear store,Swimming facility,Swimming instructor,Baby swimming school",,08:30-19:00,08:30-19:00,08:30-19:00,08:30-19:00,08:30-19:00,08:15-13:00,2026-09-07: x,"Aqua-Tots Swim School in Littleton provides year-round swimming lessons for kids of all ages, including swim lessons for babies and toddlers. Our world-renowned swimming instruction and 'safety first, fun every second' approach features certified swim instructors, a family-friendly environment, and state-of-the-art facility with a cozy 90° pool. Aqua-Tots serves more than 150 communities worldwide and is trusted by parents to teach five million swim lessons every year. Since 1991, we've been committed to a legacy of safety; please visit our website to learn more about swim lessons for children at Aqua-Tots.",,aqua-tots,+1 720-446-5650,,,,Yes,Yes,Yes,,Yes,,,,,,,,,,,,,,,,,,,,,,No,,Yes,,,,,,Yes,,Yes,Yes,https://www.aqua-tots.com/sign-up/?utm_source=GBP&utm_medium=Appointment&utm_campaign=Aqua-Tots%2520Swim%2520School%2520Littleton,https://www.facebook.com/AquaTotsLittleton/,https://www.instagram.com/aquatots_littleton/,,https://www.pinterest.com/aquatotsswimschool/,,,,,https://www.youtube.com/@aquatots,,,No,Yes
Published,260,Aqua-Tots Swim School Roseville,1850 Douglas Boulevard,,,,,,Roseville,CA,US,95661,(916) 277-9002,,https://www.aqua-tots.com/roseville/?utm_source=Google&utm_medium=Organic&utm_campaign=LocalSEO,Swimming school,"Swim club,Swimming pool,Swimwear store,Swimming facility,Swimming instructor,Baby swimming school,Public swimming pool",08:30-17:30,08:30-19:30,08:30-19:30,08:30-19:30,08:30-19:30,08:30-19:30,08:00-18:30,2026-09-07: x,"Aqua-Tots Swim School in Roseville provides year-round swimming lessons for kids of all ages, including swim lessons for babies and toddlers. Our world-renowned swimming instruction and ""safety first, fun every second"" approach features certified swim instructors, a family-friendly environment, and state-of-the-art facility with a cozy 90° pool. Aqua-Tots serves more than 165 communities worldwide and is trusted by parents to teach five million swim lessons every year. Since 1991, we've been committed to a legacy of safety; please visit our website to learn more about swim lessons for children at Aqua-Tots.",,aqua-tots,,,,,Yes,Yes,Yes,Yes,,,,,,,,,,,,,,,,,Yes,,,,,,No,,Yes,,,,,,,,Yes,Yes,https://www.aqua-tots.com/sign-up/?utm_source=GBP&utm_medium=Appointment&utm_campaign=Aqua%2520Tots%2520Swim%2520School%2520Roseville,https://www.facebook.com/aquatotsrosevilleca,https://www.instagram.com/aquatotsroseville/,,https://www.pinterest.com/aquatotsswimschool/,,,,,https://www.youtube.com/@aquatots,,,No,Yes
Published,Columbus,Aqua-Tots Swim School New Albany,5984 North Hamilton Road,,,,,,Westerville,OH,US,43081,(614) 407-3388,,https://www.aqua-tots.com/new-albany/?utm_source=Google&utm_medium=Organic&utm_campaign=LocalSEO,Swimming school,"Swim club,Swimming pool,Swimwear store,Swimming facility,Swimming instructor,Baby swimming school,Indoor swimming pool",08:30-17:00,12:00-20:00,09:00-20:00,09:00-20:00,09:00-20:00,08:30-14:00,08:30-17:00,"2026-05-25: x, 2026-07-04: x, 2026-09-07: x","Aqua-Tots Swim School in New Albany provides year-round swimming lessons for kids of all ages, including swim lessons for babies and toddlers. Our world-renowned swimming instruction and 'safety first, fun every second' approach features certified swim instructors, a family-friendly environment, and state-of-the-art facility with a cozy 90° pool. Aqua-Tots serves more than 150 communities worldwide and is trusted by parents to teach five million swim lessons every year. Since 1991, we've been committed to a legacy of safety; please visit our website to learn more about swim lessons for children at Aqua-Tots.",,aqua-tots,,,,,Yes,Yes,Yes,Yes,,,,,,,,,,,,,,,,,,,,,,,No,,Yes,,,,,,Yes,,Yes,Yes,https://www.aqua-tots.com/sign-up/?utm_source=GBP&utm_medium=Appointment&utm_campaign=Aqua-Tots%2520Swim%2520School%2520New%2520Albany,https://www.facebook.com/aquatotsnewalbany,https://www.instagram.com/aquatotsnewalbany/,,https://www.pinterest.com/aquatotsswimschool/,,https://www.tiktok.com/@aquatotsnewalbany,,,https://www.youtube.com/@aquatots,,,No,Yes
Published,Springboro,Aqua-Tots Swim School Springboro,716 N. Main St.,,,,,,Springboro,OH,US,45066,(937) 886-4321,,https://www.aqua-tots.com/springboro?utm_source=Google&utm_medium=Organic&utm_campaign=LocalSEO,Swimming school,"Swim club,Swimming pool,Swimwear store,Swimming facility,Swimming instructor,Baby swimming school",08:30-13:30,15:30-20:00,09:00-20:00,09:00-20:00,09:00-20:00,,09:00-15:00,2026-09-07: x,"Aqua-Tots Swim School in Springboro provides year-round swimming lessons for kids of all ages, including swim lessons for babies and toddlers. Our world-renowned swimming instruction and 'safety first, fun every second' approach features certified swim instructors, a family-friendly environment, and state-of-the-art facility with a cozy 90° pool. Aqua-Tots serves more than 150 communities worldwide and is trusted by parents to teach five million swim lessons every year. Since 1991, we've been committed to a legacy of safety; please visit our website to learn more about swim lessons for children at Aqua-Tots.",,aqua-tots,,,,,Yes,Yes,,,,,,,,,,,,,,,,,Yes,,,,,,,,No,,Yes,,,,,,Yes,,Yes,Yes,https://www.aqua-tots.com/sign-up/?utm_source=GBP&utm_medium=Appointment&utm_campaign=Aqua-Tots%2520Swim%2520School%2520Springboro,https://www.facebook.com/AquaTotsSpringboro/,https://www.instagram.com/aquatotsspringboro/,,https://www.pinterest.com/aquatotsswimschool/,,,,,https://www.youtube.com/@aquatots,,Yes,No,Yes
Published,Queen Creek,Aqua-Tots Swim School Queen Creek,21365 South Ellsworth Road,,,,,,Queen Creek,AZ,US,85142,(480) 426-1298,,https://www.aqua-tots.com/queen-creek?utm_source=Google&utm_medium=Organic&utm_campaign=LocalSEO,Swimming school,"Swim club,Swimming pool,Swimwear store,Swimming facility,Swimming instructor,Baby swimming school",,09:00-19:30,09:00-19:30,09:00-19:30,09:00-19:30,15:00-19:30,08:00-13:30,"2026-09-05: x, 2026-09-06: x, 2026-09-07: x","Aqua-Tots Swim School in Queen Creek provides year-round swimming lessons for kids of all ages, including swim lessons for babies and toddlers. Our world-renowned swimming instruction and 'safety first, fun every second' approach features certified swim instructors, a family-friendly environment, and state-of-the-art facility with a cozy 90° pool. Aqua-Tots serves more than 150 communities worldwide and is trusted by parents to teach five million swim lessons every year. Since 1991, we've been committed to a legacy of safety; please visit our website to learn more about swim lessons for children at Aqua-Tots.",,aqua-tots,+1 480-726-5264,,,,Yes,Yes,Yes,,,,,,,,,,,,,,,,,,,,,,,,No,,Yes,,,,,,Yes,,Yes,Yes,https://www.aqua-tots.com/sign-up/?utm_source=GBP&utm_medium=Appointment&utm_campaign=Aqua-Tots%2520Swim%2520School%2520Queen%2520Creek,https://www.facebook.com/AquaTotsQueenCreek/,https://www.instagram.com/aquatotsqueencreek/,,https://www.pinterest.com/aquatotsswimschool/,,https://www.tiktok.com/@aquatotsqueencreek,,,https://www.youtube.com/@aquatots,,,No,Yes
Published,Midvale,Aqua-Tots Swim School Midvale,7220 Union Park Avenue,,,,,,Midvale,UT,US,84047,(801) 901-2290,,https://www.aqua-tots.com/midvale/?utm_source=Google&utm_medium=Organic&utm_campaign=LocalSEO,Swimming school,"Swim club,Swimming pool,Swimming facility,Swimming instructor,Indoor swimming pool",,09:00-20:00,14:00-20:00,09:00-20:00,14:00-20:00,14:30-19:30,08:15-14:00,2026-09-07: x,"Aqua-Tots Swim School in Midvale provides year-round swimming lessons for kids of all ages, including swim lessons for babies and toddlers. Our world-renowned swimming instruction and 'safety first, fun every second' approach features certified swim instructors, a family-friendly environment, and state-of-the-art facility with a cozy 90° pool. Aqua-Tots serves more than 150 communities worldwide and is trusted by parents to teach five million swim lessons every year. Since 1991, we've been committed to a legacy of safety; please visit our website to learn more about swim lessons for children at Aqua-Tots.",,aqua-tots,,,,,Yes,Yes,,,,,,,,,,,,,,,,,,,,,,,,,No,,Yes,,,,,,Yes,,Yes,Yes,https://www.aqua-tots.com/sign-up/?utm_source=GBP&utm_medium=Appointment&utm_campaign=Aqua-Tots%2520Swim%2520School%2520Midvale,https://www.facebook.com/AquaTotsMidvale/,https://www.instagram.com/aquatots_midvale/,,https://www.pinterest.com/aquatotsswimschool/,,,,,https://www.youtube.com/@aquatots,,,No,Yes
Published,Richardson,Aqua-Tots Swim School Richardson,1330 West Campbell Road,,,,,,Richardson,TX,US,75080,(214) 396-6610,,https://www.aqua-tots.com/richardson/?utm_source=Google&utm_medium=Organic&utm_campaign=LocalSEO,Swimming school,"Swim club,Swimming pool,Swimwear store,Swimming facility,Swimming instructor,Baby swimming school",,09:00-20:00,09:00-20:00,09:00-20:00,09:00-20:00,09:00-20:00,09:00-14:00,2026-09-07: x,"Aqua-Tots Swim School in Richardson provides year-round swimming lessons for kids of all ages, including swim lessons for babies and toddlers. Our world-renowned swimming instruction and 'safety first, fun every second' approach features certified swim instructors, a family-friendly environment, and state-of-the-art facility with a cozy 90° pool. Aqua-Tots serves more than 150 communities worldwide and is trusted by parents to teach five million swim lessons every year. Since 1991, we've been committed to a legacy of safety; please visit our website to learn more about swim lessons for children at Aqua-Tots.",,aqua-tots,+1 214-396-6610,,,,Yes,Yes,Yes,,,,,,,,,,,,,,,,,,,,,,,,No,,Yes,,,,,,Yes,,Yes,Yes,https://www.aqua-tots.com/sign-up/?utm_source=GBP&utm_medium=Appointment&utm_campaign=Aqua-Tots%2520Swim%2520School%2520Richardson,https://www.facebook.com/AquaTotsRichardson/,https://www.instagram.com/aquatots_richardsontx/,,https://www.pinterest.com/aquatotsswimschool/,,,,,https://www.youtube.com/@aquatots,,,No,Yes
Published,Richland Hills,Aqua-Tots Swim School North Richland Hills,6039 Precinct Line Road,,,,,,North Richland Hills,TX,US,76180,(817) 766-7777,,https://www.aqua-tots.com/north-richland-hills?utm_source=Google&utm_medium=Organic&utm_campaign=LocalSEO,Swimming school,"Swim club,Swimming pool,Swimwear store,Swimming facility,Swimming instructor,Baby swimming school",,09:00-20:00,09:00-20:00,09:00-20:00,09:00-20:00,09:00-20:00,08:00-14:00,,"Aqua-Tots Swim School in Richland Hills provides year-round swimming lessons for kids of all ages, including swim lessons for babies and toddlers. Our world-renowned swimming instruction and 'safety first, fun every second' approach features certified swim instructors, a family-friendly environment, and state-of-the-art facility with a cozy 90° pool. Aqua-Tots serves more than 150 communities worldwide and is trusted by parents to teach five million swim lessons every year. Since 1991, we've been committed to a legacy of safety; please visit our website to learn more about swim lessons for children at Aqua-Tots.",,aqua-tots,+1 817-766-7777,,,,Yes,Yes,Yes,,,,,,,,,,,,,,,,,,,,,,,,No,,Yes,,,,,,Yes,,Yes,Yes,https://www.aqua-tots.com/sign-up/?utm_source=GBP&utm_medium=Appointment&utm_campaign=Aqua-Tots%2520Swim%2520School%2520North%2520Richland%2520Hills,https://www.facebook.com/AquaTotsNorthRichlandHills/,https://www.instagram.com/aquatots_nrh/,,https://www.pinterest.com/aquatotsswimschool/,,,,,https://www.youtube.com/@aquatots,,,No,Yes
Published,111,Aqua-Tots Swim School Boise,3116 East State Street,,,,,,Eagle,ID,US,83616,(208) 938-9300,,https://www.aqua-tots.com/boise/?utm_source=Google&utm_medium=Organic&utm_campaign=LocalSEO,Swimming school,"Swim club,Swimming pool,Swimwear store,Swimming facility,Swimming instructor,Baby swimming school",,11:00-20:00,08:00-20:00,08:00-20:00,08:00-20:00,,08:00-13:30,,"Aqua-Tots Swim School in Eagle provides year-round swimming lessons for kids of all ages, including swim lessons for babies and toddlers. Our world-renowned swimming instruction and 'safety first, fun every second' approach features certified swim instructors, a family-friendly environment, and state-of-the-art facility with a cozy 90° pool. Aqua-Tots serves more than 150 communities worldwide and is trusted by parents to teach five million swim lessons every year. Since 1991, we've been committed to a legacy of safety; please visit our website to learn more about swim lessons for children at Aqua-Tots.",,aqua-tots,+1 208-938-9300,,,,Yes,Yes,Yes,,,,,,,Yes,Yes,,,,,,,,,,Yes,,Yes,,,,No,Yes,Yes,Yes,,,Yes,,Yes,Yes,Yes,Yes,https://www.aqua-tots.com/sign-up/?utm_source=GBP&utm_medium=Appointment&utm_campaign=Aqua-Tots%2520Swim%2520School%2520Briarcliff,https://www.facebook.com/AquaTotsBoise/,https://www.instagram.com/aquatots_boise/,,https://www.pinterest.com/aquatotsswimschool/,,https://www.tiktok.com/@boise.aqua.tots,,,https://www.youtube.com/@aquatots,,Yes,No,Yes
Published,Leesburg,Aqua-Tots Swim School Leesburg,510 Fort Evans Rd. NE,,,,,,Leesburg,VA,US,20176,(571) 267-2195,,https://www.aqua-tots.com/leesburg/?utm_source=Google&utm_medium=Organic&utm_campaign=LocalSEO,Swimming school,"Swim club,Swimming pool,Swimwear store,Swimming facility,Swimming instructor,Baby swimming school,Indoor swimming pool",09:00-17:30,09:00-19:30,09:00-19:30,09:00-19:30,09:00-19:30,09:00-19:30,09:00-17:30,"2026-07-02: x, 2026-07-03: x, 2026-07-04: x, 2026-07-05: x","Aqua-Tots Swim School in Leesburg provides year-round swimming lessons for kids of all ages, including swim lessons for babies and toddlers. Our world-renowned swimming instruction and 'safety first, fun every second' approach features certified swim instructors, a family-friendly environment, and state-of-the-art facility with a cozy 90° pool. Aqua-Tots serves more than 150 communities worldwide and is trusted by parents to teach five million swim lessons every year. Since 1991, we've been committed to a legacy of safety; please visit our website to learn more about swim lessons for children at Aqua-Tots.",,aqua-tots,,,,,Yes,Yes,,,,,,,,,,,,,,,,,,,,,,,,,No,,Yes,,,,,,,,Yes,Yes,,https://www.facebook.com/AquaTotsLeesburg/,,,,,,,,,,,,
Published,Orange,Aqua-Tots Swim School Orange,942 North Tustin St.,,,,,,Orange,CA,US,92867,(949) 359-7979,,https://www.aqua-tots.com/orange?utm_source=Google&utm_medium=Organic&utm_campaign=LocalSEO,Swimming school,"Swimwear store,Swimming facility,Swimming instructor,Baby swimming school,Indoor swimming pool",09:00-15:00,10:00-20:00,09:00-20:00,09:00-20:00,11:00-20:00,09:00-20:00,09:00-17:30,"2026-09-05: x, 2026-09-06: x, 2026-09-07: x","Aqua-Tots Swim School in Orange provides year-round swimming lessons for kids of all ages, including swim lessons for babies and toddlers. Our world-renowned swimming instruction and 'safety first, fun every second' approach features certified swim instructors, a family-friendly environment, and state-of-the-art facility with a cozy 90° pool. Aqua-Tots serves more than 150 communities worldwide and is trusted by parents to teach five million swim lessons every year. Since 1991, we've been committed to a legacy of safety; please visit our website to learn more about swim lessons for children at Aqua-Tots.",,aqua-tots,+1 949-359-7979,,,,Yes,Yes,,,,,,,,,,,,,,,,,Yes,,,,,,,,No,,Yes,,,,,,Yes,,Yes,Yes,https://www.aqua-tots.com/sign-up/?utm_source=GBP&utm_medium=Appointment&utm_campaign=Aqua-Tots%2520Swim%2520School%2520Orange,https://www.facebook.com/AquaTotsOrange/,https://www.instagram.com/aquatotsoc/,,https://www.pinterest.com/aquatotsswimschool/,,https://www.tiktok.com/@aquatotsoc,,,https://www.youtube.com/channel/UCvKVHB54fl4jpx2Y4M9t1ZA,,,No,Yes
Published,Powell,Aqua-Tots Swim School Powell,4018 West Powell Road,,,,,,Powell,OH,US,43065,(614) 682-8687,,https://www.aqua-tots.com/powell/?utm_source=Google&utm_medium=Organic&utm_campaign=LocalSEO,Swimming school,"Swimwear store,Swimming facility,Swimming instructor,Baby swimming school",08:30-15:00,09:00-20:00,08:30-20:00,08:30-20:00,09:00-20:00,08:30-13:30,08:30-15:00,"2026-05-25: x, 2026-07-04: x, 2026-09-07: x","Aqua-Tots Swim School in Powell provides year-round swimming lessons for kids of all ages, including swim lessons for babies and toddlers. Our world-renowned swimming instruction and 'safety first, fun every second' approach features certified swim instructors, a family-friendly environment, and state-of-the-art facility with a cozy 90° pool. Aqua-Tots serves more than 150 communities worldwide and is trusted by parents to teach five million swim lessons every year. Since 1991, we've been committed to a legacy of safety; please visit our website to learn more about swim lessons for children at Aqua-Tots.",,aqua-tots,+1 614-682-8687,,,,Yes,Yes,Yes,,,,,,,,,,,,,,,,,,,,,,,,No,,Yes,,,,,,Yes,,Yes,Yes,https://www.aqua-tots.com/sign-up/?utm_source=GBP&utm_medium=Appointment&utm_campaign=Aqua-Tots%2520Swim%2520School%2520Powell,https://www.facebook.com/AquaTotsPowell/,https://www.instagram.com/aquatotspowell/,,https://www.pinterest.com/aquatotsswimschool/,,https://www.tiktok.com/@aquatotspowell,,,https://www.youtube.com/@aquatots,,,No,Yes
Published,Pearland,Aqua-Tots Swim School Pearland,3145 Silverlake Village Drive,,,,,,Pearland,TX,US,77584,(281) 305-0223,,https://www.aqua-tots.com/pearland/?utm_source=Google&utm_medium=Organic&utm_campaign=LocalSEO,Swimming school,"Swim club,Swimming pool,Swimwear store,Swimming facility,Swimming instructor,Baby swimming school",,14:00-20:00,09:30-20:00,09:30-20:00,14:00-20:00,09:30-20:00,09:00-14:15,2026-07-04: x,"Aqua-Tots Swim School in Pearland provides year-round swimming lessons for kids of all ages, including swim lessons for babies and toddlers. Our world-renowned swimming instruction and 'safety first, fun every second' approach features certified swim instructors, a family-friendly environment, and state-of-the-art facility with a cozy 90° pool. Aqua-Tots serves more than 150 communities worldwide and is trusted by parents to teach five million swim lessons every year. Since 1991, we've been committed to a legacy of safety; please visit our website to learn more about swim lessons for children at Aqua-Tots.",,aqua-tots,+1 281-305-0223,,,,Yes,Yes,Yes,,,,,,,,,,,,,,,,,,,,Yes,,,,No,,Yes,,,,,,Yes,,Yes,Yes,https://www.aqua-tots.com/sign-up/?utm_source=GBP&utm_medium=Appointment&utm_campaign=Aqua-Tots%2520Swim%2520School%2520Pearland,https://www.facebook.com/AquaTotsPearland/,https://www.instagram.com/aquatotspearland/,,https://www.pinterest.com/aquatotsswimschool/,,https://www.tiktok.com/@aquatots.pearland,,,https://www.youtube.com/@aquatots,,,No,Yes
Published,Frisco-1,Aqua-Tots Swim School McKinney/Frisco,15922 Eldorado Parkway,,,,,,Frisco,TX,US,75035,(972) 540-9011,,https://www.aqua-tots.com/mckinney-frisco?utm_source=Google&utm_medium=Organic&utm_campaign=LocalSEO,Swimming school,"Swim club,Swimwear store,Swimming facility,Swimming instructor,Baby swimming school",,09:00-20:00,09:00-20:00,09:00-20:00,09:00-20:00,09:00-20:00,09:00-14:00,2026-09-07: x,"Aqua-Tots Swim School in Frisco provides year-round swimming lessons for kids of all ages, including swim lessons for babies and toddlers. Our world-renowned swimming instruction and 'safety first, fun every second' approach features certified swim instructors, a family-friendly environment, and state-of-the-art facility with a cozy 90° pool. Aqua-Tots serves more than 150 communities worldwide and is trusted by parents to teach five million swim lessons every year. Since 1991, we've been committed to a legacy of safety; please visit our website to learn more about swim lessons for children at Aqua-Tots.",,aqua-tots,(972) 947-2067,,,,Yes,Yes,Yes,,,,,,,,,,,,,,,,,,,,,,,,No,,Yes,,,,,,Yes,,Yes,Yes,https://www.aqua-tots.com/sign-up/?utm_source=GBP&utm_medium=Appointment&utm_campaign=Aqua-Tots%2520Swim%2520School%2520McKinney/Frisco,https://www.facebook.com/AquaTotsMcKinneyFrisco/,https://www.instagram.com/aquatots_mckinneyandfrisco/,,https://www.pinterest.com/aquatotsswimschool/,,,,,https://www.youtube.com/@aquatots,,,No,Yes
Published,271,Aqua-Tots Swim School Panyaintra-Ramintra,246 ถนนปัญญาอินทรา,,,,,บางชัน,คลองสามวา,กรุงเทพมหานคร,TH,10510,080 247 9053,,https://www.aqua-tots.com/panyaintra-ramintra/?utm_source=Google&utm_medium=Organic&utm_campaign=LocalSEO,Swimming school,"Swim club,Swimming pool,Swimwear store,Swimming facility,Swimming instructor,Baby swimming school,Public swimming pool",09:00-18:00,,09:30-18:30,09:30-18:30,09:00-18:00,09:00-18:00,09:00-18:00,"2026-04-12: x, 2026-04-13: x, 2026-04-16: x","Aqua-Tots Swim School Panyaintra-Ramintra provides year-round swimming lessons for kids of all ages, including swim lessons for babies and toddlers. Our world-renowned swimming instruction and “safety first, fun every second” approach features certified swim instructors, a family-friendly environment, and state-of-the-art facility with a cozy 90° pool. Aqua-Tots serves more than 150 communities worldwide and is trusted by parents to teach five million swim lessons every year. Since 1991, we’ve been committed to a legacy of safety; please visit our website to learn more about swim lessons for children at Aqua-Tots.",,,,,,,Yes,Yes,Yes,Yes,,Yes,Yes,,,,,[NOT APPLICABLE],[NOT APPLICABLE],[NOT APPLICABLE],[NOT APPLICABLE],[NOT APPLICABLE],[NOT APPLICABLE],[NOT APPLICABLE],,,Yes,,,,,,No,,Yes,,,,,,,,,,https://www.aqua-tots.com/sign-up/?utm_source=GBP&utm_medium=Appointment&utm_campaign=Aqua-Tots%2520Swim%2520School%2520Panyaintra-Ramintra,https://www.facebook.com/AquaTotsPanyaintraRamintra/,https://www.instagram.com/aquatotsofficial/,,https://www.pinterest.com/aquatotsswimschool/,[NOT APPLICABLE],https://www.tiktok.com/@aquatots.panyaintra,[NOT APPLICABLE],,https://www.youtube.com/@aquatots,,,No,Yes
Published,179,Aqua-Tots Swim School Thawi Watthana,Thawi Watthana 22,Salathammasop,,,,,Bangkok,,TH,10170,090 950 6767,,https://www.aqua-tots.com/bangkok?utm_source=Google&utm_medium=Organic&utm_campaign=LocalSEO,Swimming school,"Swim club,Swimming pool,Swimwear store,Swimming facility,Swimming instructor,Baby swimming school,Public swimming pool",09:00-18:00,09:00-19:00,09:00-19:00,09:00-19:00,09:00-19:00,09:00-19:00,09:00-18:00,"2026-04-13: x, 2026-04-14: x, 2026-04-15: x, 2026-04-16: x","Aqua-Tots Swim School in Bangkok provides year-round swimming lessons for kids of all ages, including swim lessons for babies and toddlers. Our world-renowned swimming instruction and “safety first, fun every second” approach features certified swim instructors, a family-friendly environment, and state-of-the-art facility with a cozy 90° pool. Aqua-Tots serves more than 150 communities worldwide and is trusted by parents to teach five million swim lessons every year. Since 1991, we’ve been committed to a legacy of safety; please visit our website to learn more about swim lessons for children at Aqua-Tots.",,"kids swimming lessons in bangkok, kids swimming school in bangkok, toddler swimming lessons in bangkok, toddler swimming school in bangkok, baby swimming lessons in bangkok, swimming instructor in bangkok, เรียนว่ายน้ำเด็กเล็ก, สอนว่ายน้ำเด็ก, สระน้ำอุ่น สระน้ำเกลือ. UV OZONE, เอาตัวรอดในน้ำ",090 950 6767,,,,Yes,Yes,,,,,,,,,,[NOT APPLICABLE],[NOT APPLICABLE],[NOT APPLICABLE],[NOT APPLICABLE],[NOT APPLICABLE],[NOT APPLICABLE],[NOT APPLICABLE],,,,,,,,,No,,Yes,,,,,,Yes,,Yes,Yes,https://www.aqua-tots.com/sign-up/?utm_source=GBP&utm_medium=Appointment&utm_campaign=Aqua-Tots%2520Swim%2520School%2520Thawi%2520Watthana,https://www.facebook.com/AquaTotsThawiwattana/,https://www.instagram.com/aquatotsbangkok/,,https://www.pinterest.com/aquatotsswimschool/,[NOT APPLICABLE],https://www.tiktok.com/@aquatotsbangkok,[NOT APPLICABLE],,https://www.youtube.com/channel/UCuOVbPIeWrm_z8A5GeHQr5g,,,No,Yes
Published,Louisville,Aqua-Tots Swim School Louisville,117 Blankenbaker Parkway,,,,,,Douglass Hills,KY,US,40243,(502) 242-6388,,https://www.aqua-tots.com/louisville/?utm_source=Google&utm_medium=Organic&utm_campaign=LocalSEO,Swimming school,"Swim club,Swimwear store,Swimming facility,Swimming instructor,Baby swimming school,Indoor swimming pool",11:00-18:00,13:30-20:30,13:30-20:30,09:00-20:30,09:00-20:30,,08:00-15:30,"2026-09-06: x, 2026-09-07: x","Aqua-Tots Swim School in Louisville provides year-round swimming lessons for kids of all ages, including swim lessons for babies and toddlers. Our world-renowned swimming instruction and 'safety first, fun every second' approach features certified swim instructors, a family-friendly environment, and state-of-the-art facility with a cozy 90° pool. Aqua-Tots serves more than 150 communities worldwide and is trusted by parents to teach five million swim lessons every year. Since 1991, we've been committed to a legacy of safety; please visit our website to learn more about swim lessons for children at Aqua-Tots.",,aqua-tots,,,,,Yes,Yes,,,Yes,,,,,,,,,,,,,,Yes,,,,Yes,,,,No,,Yes,,,,,,Yes,,Yes,Yes,https://www.aqua-tots.com/sign-up/?utm_source=GBP&utm_medium=Appointment&utm_campaign=Aqua-Tots%2520Swim%2520School%2520Louisville,https://www.facebook.com/AquaTotsLouisville/,https://www.instagram.com/aquatotslouisville/,,https://www.pinterest.com/aquatotsswimschool/,,https://www.tiktok.com/@aquatotslou,,,https://www.youtube.com/@aquatots,,Yes,No,Yes
Published,Pinklao,Aqua-Tots Swim School Central Pinklao,"Borommaratchachonnani Road, Arun Amarin Sub-district",,,,,,Bangkok,Bangkok,TH,10700,098 877 7587,,https://thailand.aqua-tots.com/school/central-pinklao/?utm_source=Google&utm_medium=Organic&utm_campaign=LocalSEO,Swimming school,"Swimwear store,Baby swimming school,Public swimming pool",09:00-18:00,,10:00-19:00,10:00-19:00,10:00-19:00,10:00-19:00,09:00-18:00,"2026-04-13: x, 2026-04-14: x, 2026-04-15: x, 2026-04-16: x","Aqua-Tots Swim School in Central Pinklao shopping mall in Bangkok, provides year-round swimming lessons for kids of all ages, including swim lessons for babies and toddlers. Our world-renowned swimming instruction and “safety first, fun every second” approach features certified swim instructors, a family-friendly environment, and state-of-the-art facility with a cozy, indoor pool. Aqua-Tots serves more than 150 communities worldwide and is trusted by parents to teach five million swim lessons every year. Since 1991, we’ve been committed to a legacy of safety; please visit our website to learn more about swim lessons for children at Aqua-Tots.",2025-12-26,,,,,,Yes,Yes,,,Yes,,,,,,,[NOT APPLICABLE],[NOT APPLICABLE],[NOT APPLICABLE],[NOT APPLICABLE],[NOT APPLICABLE],[NOT APPLICABLE],[NOT APPLICABLE],,,Yes,,,,,,No,,Yes,,,,,,Yes,,Yes,,,https://www.facebook.com/AquaTotsCentralPinklao,https://www.instagram.com/AquaTotsCentralPinklao/,,https://www.pinterest.com/aquatotsswimschool/_created/,[NOT APPLICABLE],,[NOT APPLICABLE],,https://www.youtube.com/channel/UCvKVHB54fl4jpx2Y4M9t1ZA,,,No,Yes
Published,Kanata,Aqua-Tots Swim School Kanata,145 Roland Michener Dr,,,,,,Kanata,ON,CA,K2T 1G7,(613) 801-9100,(716) 242-5255,https://www.aqua-tots.com/kanata/?utm_source=google&utm_medium=organic&utm_campaign=local-seo,Swimming school,"Swim club,Swimwear store,Swimming facility,Swimming instructor,Baby swimming school",08:00-17:30,16:00-20:00,09:00-20:00,09:00-20:30,09:00-20:00,09:00-20:30,08:00-17:30,"2026-07-01: x, 2026-08-22: x, 2026-08-23: x, 2026-08-24: x, 2026-08-25: x, 2026-08-26: x, 2026-08-27: x, 2026-08-28: x, 2026-08-29: x, 2026-08-30: x","Aqua-Tots Swim School in Kanata provides year-round swimming lessons for kids of all ages, including swim lessons for babies and toddlers. Our world-renowned swimming instruction and 'safety first, fun every second' approach features certified swim instructors, a family-friendly environment, and state-of-the-art facility with a cozy 90° pool. Aqua-Tots serves more than 150 communities worldwide and is trusted by parents to teach five million swim lessons every year. Since 1991, we've been committed to a legacy of safety; please visit our website to learn more about swim lessons for children at Aqua-Tots.",,aqua-tots,,,,,Yes,Yes,Yes,,,,,,,,,[NOT APPLICABLE],[NOT APPLICABLE],[NOT APPLICABLE],[NOT APPLICABLE],[NOT APPLICABLE],[NOT APPLICABLE],[NOT APPLICABLE],,,,,,,,,No,,Yes,,,,,,Yes,,Yes,Yes,https://www.aqua-tots.com/kanata/enroll-now/,https://www.facebook.com/AquaTotsKanata/,https://www.instagram.com/aquatotskanata/,,,,https://www.tiktok.com/@aquatotskanata,,,https://www.youtube.com/@aquatots,,,No,Yes
Published,Aqua-Tots Swim School Hoang Cau,Aqua-Tots Swim School Hoang Cau,36 Phố Hoàng Cầu,Skyline Building,,,,,Hanoi,Hà Nội,VN,,0975 739 936,,https://www.aqua-tots.com/hoang-cau/?utm_source=Google&utm_medium=Organic&utm_campaign=LocalSEO,Swimming school,"Swim club,Swimming pool,Swimwear store,Swimming facility,Swimming instructor,Baby swimming school,Public swimming pool",09:00-19:00,,09:00-19:00,09:00-19:00,09:00-19:00,09:00-19:00,09:00-19:00,,"Aqua-Tots Swim School in Đống Đa provides year-round swimming lessons for kids of all ages, including swim lessons for babies and toddlers. Our world-renowned swimming instruction and “safety first, fun every second” approach features certified swim instructors, a family-friendly environment, and state-of-the-art facility with a cozy 90° pool. Aqua-Tots serves more than 150 communities worldwide and is trusted by parents to teach five million swim lessons every year. Since 1991, we’ve been committed to a legacy of safety; please visit our website to learn more about swim lessons for children at Aqua-Tots.",,,,,,,Yes,Yes,Yes,Yes,,,,,,,,[NOT APPLICABLE],[NOT APPLICABLE],[NOT APPLICABLE],[NOT APPLICABLE],[NOT APPLICABLE],[NOT APPLICABLE],[NOT APPLICABLE],,,,,,,,,,,,,,,,,,,,,https://www.aqua-tots.com/hoang-cau/enroll-now/,https://www.facebook.com/AquaTotsHoangCau/,https://www.instagram.com/aquatotshoangcau/,,,[NOT APPLICABLE],https://www.tiktok.com/@aquatotshoangcau,[NOT APPLICABLE],,https://www.youtube.com/@aquatots,,,,Yes
Published,250,Aqua-Tots Swim School Berkley,2485 Coolidge Hwy,,,,,,Berkley,MI,US,48072,(248) 220-6330,,https://www.aqua-tots.com/berkley/?utm_source=Google&utm_medium=Organic&utm_campaign=LocalSEO,Swimming school,"Swim club,Swimming pool,Swimwear store,Swimming facility,Swimming instructor,Baby swimming school",09:00-15:30,10:00-20:00,10:00-20:00,10:00-13:30,10:00-20:00,10:00-20:00,09:00-14:30,"2025-11-27: x, 2025-12-24: x, 2025-12-25: x, 2025-12-26: 10:00-14:00, 2025-12-27: 10:00-14:00, 2025-12-28: 10:00-14:00, 2025-12-29: 10:00-14:00, 2025-12-30: 10:00-14:00, 2025-12-31: x, 2026-01-01: x","Aqua-Tots Swim School in Berkley provides year-round swimming lessons for kids of all ages, including swim lessons for babies and toddlers. Our world-renowned swimming instruction and 'safety first, fun every second' approach features certified swim instructors, a family-friendly environment, and state-of-the-art facility with a cozy 90° pool. Aqua-Tots serves more than 150 communities worldwide and is trusted by parents to teach five million swim lessons every year. Since 1991, we've been committed to a legacy of safety; please visit our website to learn more about swim lessons for children at Aqua-Tots.",,aqua-tots,,,,,Yes,Yes,Yes,Yes,,,,,,,,,,,,,,,Yes,,Yes,Yes,,,,,No,,Yes,,,,,,Yes,,Yes,Yes,https://www.aqua-tots.com/berkley/enroll-now/,https://www.facebook.com/AquaTotsBerkley/,https://www.instagram.com/aquatotsmi/,,,,https://www.tiktok.com/@aquatotsmi,,,https://www.youtube.com/channel/UCvKVHB54fl4jpx2Y4M9t1ZA,,,No,Yes
Published,264,Aqua Tots Swim School Edina,7645 Metro Blvd.,,,,,,Edina,MN,US,55439,(952) 300-6227,,https://www.aqua-tots.com/edina/?utm_source=Google&utm_medium=Organic&utm_campaign=LocalSEO,Swimming school,"Swim club,Swimming pool,Swimwear store,Swimming facility,Swimming instructor,Baby swimming school,Public swimming pool",08:45-14:00,09:00-20:00,09:00-20:00,10:00-20:00,10:00-20:00,09:00-20:00,08:45-14:00,"2026-07-04: x, 2026-07-05: x","Aqua-Tots Swim School in Edina provides year-round swimming lessons for kids of all ages, including swim lessons for babies and toddlers. Our world-renowned swimming instruction and ""safety first, fun every second"" approach features certified swim instructors, a family-friendly environment, and state-of-the-art facility with a cozy 90° pool. Aqua-Tots serves more than 150 communities worldwide and is trusted by parents to teach five million swim lessons every year. Since 1991, we've been committed to a legacy of safety; please visit our website to learn more about swim lessons for children at Aqua-Tots.",,aqua-tots,,,,,Yes,Yes,,,,,,,,,,,,,,,,,,,Yes,,,,,,No,,Yes,Yes,,,Yes,,Yes,Yes,Yes,Yes,,https://www.facebook.com/AquaTotsEdina/,https://www.instagram.com/aquatotsedina/,,,,https://www.tiktok.com/@aquatotsedina,,,https://www.youtube.com/@aquatots,,,No,
Published,Surprise,Aqua-Tots Swim School Surprise,13833 West Bell Road,Ste 104,,,,,Surprise,AZ,US,85374,(623) 455-5571,,https://www.aqua-tots.com/surprise?utm_source=google&utm_medium=organic&utm_campaign=local-seo,Swimming school,"Swim club,Swimwear store,Swimming facility,Swimming instructor,Baby swimming school,Indoor swimming pool",09:00-14:00,"09:00-13:00, 15:00-20:00",14:00-20:00,14:00-20:00,"09:00-13:00, 15:00-20:00",14:00-20:00,09:00-14:00,"2026-09-06: x, 2026-09-07: x, 2026-09-12: x","Aqua-Tots Swim School in Surprise provides year-round swimming lessons for kids of all ages, including swim lessons for babies and toddlers. Our world-renowned swimming instruction and 'safety first, fun every second' approach features certified swim instructors, a family-friendly environment, and state-of-the-art facility with a cozy 90° pool. Aqua-Tots serves more than 150 communities worldwide and is trusted by parents to teach five million swim lessons every year. Since 1991, we've been committed to a legacy of safety; please visit our website to learn more about swim lessons for children at Aqua-Tots.",,aqua-tots,+1 623-455-5571,,,,Yes,Yes,Yes,,,,,,,,,,,,,,,,,,,,,,,,No,,Yes,,,,,,Yes,,Yes,Yes,https://www.aqua-tots.com/sign-up/?utm_source=GBP&utm_medium=Appointment&utm_campaign=Aqua-Tots%2520Swim%2520School%2520Surprise,https://www.facebook.com/surpriseaquatots/,https://www.instagram.com/aquatotssurprise/,,https://www.pinterest.com/aquatotsswimschool/,,https://www.tiktok.com/@aquatotssurprise,,,https://www.youtube.com/@aquatots,,,No,Yes
Published,03648123999249806846,Aqua-Tots Swim School Ajax,280 Kingston Rd E,,,,,,Ajax,ON,CA,L1Z 1G1,(905) 448-1334,,https://www.aqua-tots.com/ajax/?utm_source=Google&utm_medium=Organic&utm_campaign=LocalSEO,Swimming school,"Swim club,Swimming pool,Swimwear store,Swimming facility,Swimming instructor,Baby swimming school,Indoor swimming pool",08:00-18:00,,08:30-19:30,08:30-19:30,08:30-19:30,,08:00-18:00,,"Aqua-Tots Swim School in Ajax provides year-round swimming lessons for kids of all ages, including swim lessons for babies and toddlers. Our world-renowned swimming instruction and “safety first, fun every second” approach features certified swim instructors, a family-friendly environment, and state-of-the-art facility with a cozy 90° pool. Aqua-Tots serves more than 150 communities worldwide and is trusted by parents to teach five million swim lessons every year. Since 1991, we’ve been committed to a legacy of safety; please visit our website to learn more about swim lessons for children at Aqua-Tots.",2026-05-12,,,,,,Yes,Yes,,,,,,,,,,[NOT APPLICABLE],[NOT APPLICABLE],[NOT APPLICABLE],[NOT APPLICABLE],[NOT APPLICABLE],[NOT APPLICABLE],[NOT APPLICABLE],,,,,,,,,No,,Yes,,,,,,Yes,,Yes,Yes,,https://www.facebook.com/AquaTotsAjax,,,,,,,,,,,,Yes
Published,239,Aqua-Tots Swim School Tijuana,Libramiento Oriente 7521,"Colonia Parque Industrial Pacifico, K1",,,,,Tijuana,Baja California,MX,22643,664 881 0800,,https://www.aqua-tots.com/tijuana/?utm_source=Google&utm_medium=Organic&utm_campaign=LocalSEO,Swimming school,"Swim club,Swimming pool,Swimwear store,Swimming facility,Swimming instructor,Baby swimming school,Public swimming pool",,09:00-20:00,09:00-20:00,09:00-20:00,09:00-20:00,09:00-20:00,09:00-15:00,2026-09-16: x,"Aqua-Tots Swim School in Tijuana provides year-round swimming lessons for kids of all ages, including swim lessons for babies and toddlers. Our world-renowned swimming instruction and “safety first, fun every second” approach features certified swim instructors, a family-friendly environment, and state-of-the-art facility with a cozy 90° pool. Aqua-Tots serves more than 150 communities worldwide and is trusted by parents to teach five million swim lessons every year. Since 1991, we’ve been committed to a legacy of safety; please visit our website to learn more about swim lessons for children at Aqua-Tots.",2022-07,,,,,,Yes,Yes,Yes,Yes,No,,Yes,,,Yes,Yes,[NOT APPLICABLE],[NOT APPLICABLE],[NOT APPLICABLE],[NOT APPLICABLE],[NOT APPLICABLE],[NOT APPLICABLE],[NOT APPLICABLE],Yes,,,,,,Yes,,No,,Yes,,,,,,Yes,,Yes,Yes,https://www.aqua-tots.com/sign-up/?utm_source=GBP&utm_medium=Appointment&utm_campaign=Aqua-Tots%2520Swim%2520School%2520Tijuana,https://www.facebook.com/AquaTotsTijuana,https://www.instagram.com/aquatotstijuana/,,https://www.pinterest.com/aquatotsswimschool/,,,https://wa.me/526648810800,,https://www.youtube.com/@aquatots,,No,No,No
Published,Aqua-Tots Swim School Costa Del Este,Aqua-Tots Swim School Costa Del Este,Calle Villanueva,Costa Del Este,,,,,Provincia de Panamá,,PA,,6834-9187,,https://www.aqua-tots.com/costa-del-este/?utm_source=Google&utm_medium=Organic&utm_campaign=LocalSEO,Swimming school,"Swim club,Swimming pool,Swimwear store,Swimming facility,Swimming instructor,Baby swimming school,Public swimming pool",,09:00-19:00,09:00-19:00,09:00-19:00,09:00-19:00,09:00-19:00,07:00-14:00,,"Aqua-Tots Swim School in Costa Del Este provides year-round swimming lessons for kids of all ages, including swim lessons for babies and toddlers. Our world-renowned swimming instruction and “safety first, fun every second” approach features certified swim instructors, a family-friendly environment, and state-of-the-art facility with a cozy 90° pool. Aqua-Tots serves more than 150 communities worldwide and is trusted by parents to teach five million swim lessons every year. Since 1991, we’ve been committed to a legacy of safety; please visit our website to learn more about swim lessons for children at Aqua-Tots.",2019-01-01,"Clases de natación infantil, Clases de natación infantil Panama, Clases de natación infantil Costa Del Este, Clases de natación infantil Panama City, Clases de natación para niños Panama, Clases de natación para niños Panama City, Clases de natación para niños Costa Del Esta, child swim lessons Panama",6834-9187,,,,Yes,Yes,,,,,,,,,,[NOT APPLICABLE],[NOT APPLICABLE],[NOT APPLICABLE],[NOT APPLICABLE],[NOT APPLICABLE],[NOT APPLICABLE],[NOT APPLICABLE],,,,,,,,,No,,Yes,,,,,,,,,,https://www.aqua-tots.com/sign-up/?utm_source=GBP&utm_medium=Appointment&utm_campaign=Aqua-Tots%2520Swim%2520School%2520Panama%2520City,https://www.facebook.com/aquatotspanama/,https://www.instagram.com/aquatotspanama/,,https://www.pinterest.com/aquatotsswimschool/,,,https://wa.me/50768349187,,https://www.youtube.com/@aquatots,,,No,Yes
Published,188,Aqua-Tots Swim School Gilbert,2335 S. Lindsay Rd.,,,,,,Gilbert,AZ,US,85295,(480) 462-2899,,https://www.aqua-tots.com/gilbert?utm_source=Google&utm_medium=Organic&utm_campaign=LocalSEO,Swimming school,"Swim club,Swimming pool,Swimwear store,Swimming facility,Swimming instructor,Baby swimming school,Indoor swimming pool",,09:00-20:00,09:00-20:00,12:00-20:00,09:00-20:00,15:00-18:00,08:00-13:00,"2026-07-04: x, 2026-09-07: x","Aqua-Tots Swim School in Gilbert provides year-round swimming lessons for kids of all ages, including swim lessons for babies and toddlers. Our world-renowned swimming instruction and 'safety first, fun every second' approach features certified swim instructors, a family-friendly environment, and state-of-the-art facility with a cozy 90° pool. Aqua-Tots serves more than 150 communities worldwide and is trusted by parents to teach five million swim lessons every year. Since 1991, we've been committed to a legacy of safety; please visit our website to learn more about swim lessons for children at Aqua-Tots.",,aqua-tots,+1 480-462-2899,,,,Yes,Yes,,,,,,,,,,,,,,,,,,,,,,,,,No,,Yes,,,,,,Yes,,Yes,Yes,https://www.aqua-tots.com/sign-up/?utm_source=GBP&utm_medium=Appointment&utm_campaign=Aqua-Tots%2520Swim%2520School%2520Gilbert,https://www.facebook.com/AquaTotsGilbert/,https://www.instagram.com/aquatotsgilbert/,,https://www.pinterest.com/aquatotsswimschool/,,https://www.tiktok.com/@aquatotsgilbert,,,https://www.youtube.com/@aquatots,,,No,Yes
Published,Winston-Salem,Aqua-Tots Swim School Winston-Salem,5047 Country Club Rd,,,,,,Winston-Salem,NC,US,27104,(336) 792-2957,,https://www.aqua-tots.com/winston-salem/?utm_source=Google&utm_medium=Organic&utm_campaign=LocalSEO,Swimming school,"Swim club,Swimming pool,Swimwear store,Swimming facility,Swimming instructor,Baby swimming school",,14:00-19:00,09:00-19:00,09:00-19:00,09:00-19:00,09:00-13:00,09:00-13:00,2026-09-07: x,"Aqua-Tots Swim School in Winston-Salem provides year-round swimming lessons for kids of all ages, including swim lessons for babies and toddlers. Our world-renowned swimming instruction and “safety first, fun every second” approach features certified swim instructors, a family-friendly environment, and state-of-the-art facility with a cozy 90° pool. Aqua-Tots serves more than 150 communities worldwide and is trusted by parents to teach five million swim lessons every year. Since 1991, we’ve been committed to a legacy of safety; please visit our website to learn more about swim lessons for children at Aqua-Tots.",2026-03-16,,,,,,Yes,Yes,,,,,,,,Yes,,,,,,,,,,,Yes,,,,,,No,,Yes,,,,,,Yes,,Yes,Yes,,https://www.facebook.com/AquaTotsWinstonSalem/,https://www.instagram.com/aquatotswinstonsalem/,,,,,,,,,,,Yes
Published,Aqua-Tots Swim School Chiang Rai,Aqua-Tots Swim School Chiang Rai,218 Wiang Burapha Road,"Ta-Sai, Mueang Chiang Rai District",,,,,Chiang Rai,,TH,57000,065 224 6596,,https://thailand.aqua-tots.com/school/chiang-rai/?utm_source=Google&utm_medium=Organic&utm_campaign=LocalSEO,Swimming school,"Swim club,Swimming pool,Swimwear store,Swimming facility,Swimming instructor,Baby swimming school,Public swimming pool",09:00-18:00,,09:00-18:00,09:00-18:00,09:00-18:00,09:00-18:00,09:00-18:00,,"Aqua-Tots Swim School in Chang Rai provides year-round swimming lessons for kids of all ages, including swim lessons for babies and toddlers. Our world-renowned swimming instruction and “safety first, fun every second” approach features certified swim instructors, a family-friendly environment, and state-of-the-art facility with a cozy 90° pool. Aqua-Tots serves more than 150 communities worldwide and is trusted by parents to teach five million swim lessons every year. Since 1991, we’ve been committed to a legacy of safety; please visit our website to learn more about swim lessons for children at Aqua-Tots.",,,,,,,Yes,Yes,Yes,Yes,,,,,,,,[NOT APPLICABLE],[NOT APPLICABLE],[NOT APPLICABLE],[NOT APPLICABLE],[NOT APPLICABLE],[NOT APPLICABLE],[NOT APPLICABLE],,,,,,,,,No,,,,,,,,,,,Yes,https://www.aqua-tots.com/sign-up/?utm_source=GBP&utm_medium=Appointment&utm_campaign=Aqua-Tots%2520Swim%2520School%2520Chiang%2520Rai,https://www.facebook.com/AquaTotsChiangRai/,https://www.instagram.com/aquatotschiangrai/,,https://www.pinterest.com/aquatotsswimschool/,[NOT APPLICABLE],,[NOT APPLICABLE],,https://www.youtube.com/@aquatots,,,,Yes
Published,North York,Aqua-Tots Swim School North York,81 Gerry Fitzgerald Drive,,,,,,North York,ON,CA,M3J 3N3,(416) 849-4636,,https://www.aqua-tots.com/north-york/?utm_source=Google&utm_medium=Organic&utm_campaign=LocalSEO,Swimming school,"Swim club,Swimwear store,Swimming facility,Swimming instructor,Baby swimming school",08:30-17:30,14:00-20:30,14:00-20:30,10:00-20:30,14:00-20:30,10:00-20:30,08:30-17:30,,"Aqua-Tots Swim School in North York provides year-round swimming lessons for kids of all ages, including swim lessons for babies and toddlers. Our world-renowned swimming instruction and 'safety first, fun every second' approach features certified swim instructors, a family-friendly environment, and state-of-the-art facility with a cozy 90° pool. Aqua-Tots serves more than 150 communities worldwide and is trusted by parents to teach five million swim lessons every year. Since 1991, we've been committed to a legacy of safety; please visit our website to learn more about swim lessons for children at Aqua-Tots.",2021-07,aqua-tots,,,,,Yes,Yes,Yes,Yes,Yes,,Yes,,,,,[NOT APPLICABLE],[NOT APPLICABLE],[NOT APPLICABLE],[NOT APPLICABLE],[NOT APPLICABLE],[NOT APPLICABLE],[NOT APPLICABLE],Yes,,Yes,,,,,,No,No,Yes,,,,,,Yes,Yes,Yes,No,https://www.aqua-tots.com/sign-up/?utm_source=GBP&utm_medium=Appointment&utm_campaign=Aqua-Tots%2520Swim%2520School%2520North%2520York,https://www.facebook.com/AquaTotsNorthYork/,https://www.instagram.com/aquatotsnorthyork/,,https://www.pinterest.com/aquatotsswimschool/,,https://www.tiktok.com/@aquatotsnorthyork,,,https://www.youtube.com/@aquatots,,Yes,No,Yes
Published,West Jordan,Aqua Tots Swim School Jordan Landing,7552 South Plaza Center Drive,,,,,,West Jordan,UT,US,84088,(801) 441-6141,,https://www.aqua-tots.com/jordan-landing/?utm_source=Google&utm_medium=Organic&utm_campaign=LocalSEO,Swimming school,"Swim club,Swimming pool,Swimwear store,Swimming facility,Swimming instructor,Baby swimming school,Public swimming pool",,12:00-20:00,09:00-20:00,09:00-20:00,09:00-19:30,14:00-19:30,08:30-14:00,2026-09-07: x,"Aqua-Tots Swim School in West Jordan provides year-round swimming lessons for kids of all ages, including swim lessons for babies and toddlers. Our world-renowned swimming instruction and ""safety first, fun every second"" approach features certified swim instructors, a family-friendly environment, and state-of-the-art facility with a cozy 90° pool. Aqua-Tots serves more than 150 communities worldwide and is trusted by parents to teach five million swim lessons every year. Since 1991, we've been committed to a legacy of safety; please visit our website to learn more about swim lessons for children at Aqua-Tots.",,aqua-tots,,,,,Yes,Yes,,,,,,,,,,,,,,,,,,,,,,,,,No,,Yes,,,,,,Yes,,Yes,Yes,https://www.aqua-tots.com/sign-up/?utm_source=GBP&utm_medium=Appointment&utm_campaign=Aqua%2520Tots%2520Swim%2520School%2520Jordan%2520Landing,https://www.facebook.com/Aquatotsjordanlanding/,https://www.instagram.com/aquatotsjordanlanding/,,https://www.pinterest.com/aquatotsswimschool/,,,,,https://www.youtube.com/@aquatots,,,No,
Published,San Antonio-2,Aqua-Tots Swim School San Antonio - The Rim,17530 La Cantera Parkway,,,,,,San Antonio,TX,US,78257,(210) 202-0990,,https://www.aqua-tots.com/san-antonio-the-rim/?utm_source=Google&utm_medium=Organic&utm_campaign=LocalSEO,Swimming school,"Swim club,Swimming pool,Swimwear store,Swimming instructor,Baby swimming school",08:30-14:15,09:00-19:45,12:00-20:30,10:00-19:45,12:00-20:15,12:00-20:15,08:00-14:30,2026-09-07: x,"Aqua-Tots Swim School in San Antonio provides year-round swimming lessons for kids of all ages, including swim lessons for babies and toddlers. Our world-renowned swimming instruction and 'safety first, fun every second' approach features certified swim instructors, a family-friendly environment, and state-of-the-art facility with a cozy 90° pool. Aqua-Tots serves more than 150 communities worldwide and is trusted by parents to teach five million swim lessons every year. Since 1991, we've been committed to a legacy of safety; please visit our website to learn more about swim lessons for children at Aqua-Tots.",,aqua-tots,+1 210-202-0990,,,,Yes,Yes,Yes,,,,,,,,,,,,,,,,,,,,,,,,No,,Yes,,,,,,Yes,,Yes,Yes,https://www.aqua-tots.com/sign-up/?utm_source=GBP&utm_medium=Appointment&utm_campaign=Aqua-Tots%2520Swim%2520School%2520San%2520Antonio%2520-%2520The%2520Rim,https://www.facebook.com/AquaTotsSanAntonioTheRim/,https://www.instagram.com/aquatots_therim/,,https://www.pinterest.com/aquatotsswimschool/,,https://www.tiktok.com/@aquatotssanantonio,,,https://www.youtube.com/@aquatots,,,No,Yes
Published,198-2,Aqua-Tots Swim School Fort Worth/Bryant Irvin,4736 Bryant Irvin Road,,,,,,Fort Worth,TX,US,76132,(817) 953-8611,,https://www.aqua-tots.com/fort-worth-bryant-irvin/?utm_source=Google&utm_medium=Organic&utm_campaign=LocalSEO,Swimming school,"Swim club,Swimwear store,Swimming facility,Swimming instructor,Baby swimming school,Indoor swimming pool",,09:00-20:00,09:00-20:00,09:00-20:00,09:00-20:00,09:00-20:00,08:00-14:00,,"Aqua-Tots Swim School in Fort Worth provides year-round swimming lessons for kids of all ages, including swim lessons for babies and toddlers. Our world-renowned swimming instruction and 'safety first, fun every second' approach features certified swim instructors, a family-friendly environment, and state-of-the-art facility with a cozy 90° pool. Aqua-Tots serves more than 150 communities worldwide and is trusted by parents to teach five million swim lessons every year. Since 1991, we've been committed to a legacy of safety; please visit our website to learn more about swim lessons for children at Aqua-Tots.",,aqua-tots,+1 817-953-8611,,,,Yes,Yes,,,,,,,,,,,,,,,,,,,,,,,,,No,,Yes,,,,,,Yes,,Yes,Yes,https://www.aqua-tots.com/sign-up/?utm_source=GBP&utm_medium=Appointment&utm_campaign=Aqua-Tots%2520Swim%2520School%2520Fort%2520Worth/Bryant%2520Irvin,https://www.facebook.com/AquaTotsBryantIrvin/,https://www.instagram.com/aquatots_bryantirvin/,,https://www.pinterest.com/aquatotsswimschool/,,https://www.tiktok.com/@aquatotsfwtx,,,https://www.youtube.com/@aquatots,,,No,Yes
Published,207,Aqua-Tots Swim School Amherst,4998 Harlem Road,,,,,,Amherst,NY,US,14226,(716) 242-5255,,https://www.aqua-tots.com/amherst/?utm_source=Google&utm_medium=Organic&utm_campaign=LocalSEO,Swimming school,"Swim club,Swimwear store,Swimming facility,Baby swimming school,Public swimming pool",,14:00-19:30,"09:00-13:00, 14:45-19:30",14:00-19:30,"09:00-13:00, 15:00-19:30","09:00-13:00, 15:30-19:30",09:00-14:00,2026-09-07: x,"Aqua-Tots Swim School in Amherst provides year-round swimming lessons for kids of all ages, including swim lessons for babies and toddlers. Our world-renowned swimming instruction and ""safety first, fun every second"" approach features certified swim instructors, a family-friendly environment, and state-of-the-art facility with a cozy 90° pool. Aqua-Tots serves more than 150 communities worldwide and is trusted by parents to teach five million swim lessons every year. Since 1991, we've been committed to a legacy of safety; please visit our website to learn more about swim lessons for children at Aqua-Tots.",,,,,,,Yes,Yes,,,,,,,,,,,,,,,,,,,,,,,,,No,,Yes,,,,,,,,Yes,Yes,https://www.aqua-tots.com/sign-up/?utm_source=GBP&utm_medium=Appointment&utm_campaign=Aqua-Tots%2520Swim%2520School%2520Amherst,https://www.facebook.com/aquatotsamherst/,https://www.instagram.com/aquatotsamherst/,,https://www.pinterest.com/aquatotsswimschool/,,,,,https://www.youtube.com/@aquatots,,,No,
Published,266,Aqua-Tots Swim School Henderson,617 Mall Ring Cir,,,,,,Henderson,NV,US,89014,(702) 941-7970,,https://www.aqua-tots.com/henderson/?utm_source=Google&utm_medium=Organic&utm_campaign=LocalSEO,Swimming school,"Swim club,Swimming pool,Swimwear store,Swimming facility,Swimming instructor,Baby swimming school",08:00-14:00,,08:30-19:30,14:00-19:30,08:30-19:30,14:00-19:30,08:00-14:00,"2026-07-03: x, 2026-07-04: x, 2026-07-05: x","Aqua-Tots Swim School in Henderson provides year-round swimming lessons for kids of all ages, including swim lessons for babies and toddlers. Our world-renowned swimming instruction and 'safety first, fun every second' approach features certified swim instructors, a family-friendly environment, and state-of-the-art facility with a cozy 90° pool. Aqua-Tots serves more than 150 communities worldwide and is trusted by parents to teach five million swim lessons every year. Since 1991, we've been committed to a legacy of safety; please visit our website to learn more about swim lessons for children at Aqua-Tots.",,aqua-tots,,,,,Yes,Yes,Yes,Yes,,,Yes,,,,,,,,,,,,,,Yes,,,,,,No,,Yes,,,,,,Yes,,Yes,Yes,https://www.aqua-tots.com/sign-up/?utm_source=GBP&utm_medium=Appointment&utm_campaign=Aqua-Tots%2520Swim%2520School%2520Henderson,https://www.facebook.com/AquaTotsHenderson/,https://www.instagram.com/aquatotshenderson/,,https://www.pinterest.com/aquatotsswimschool/,,https://www.tiktok.com/@aquatotshenderson,,,https://www.youtube.com/@aquatots,,,No,Yes
Published,280,Aqua-Tots Swim School Fort Lauderdale,1711 E Commercial Blvd,,,,,,Fort Lauderdale,FL,US,33334-5737,(954) 666-8288,,https://www.aqua-tots.com/fort-lauderdale/?utm_source=Google&utm_medium=Organic&utm_campaign=LocalSEO,Swimming school,"Swim club,Swimming pool,Swimwear store,Swimming facility,Swimming instructor,Baby swimming school,Public swimming pool",09:00-12:00,10:00-20:00,10:00-20:00,10:00-20:00,10:00-20:00,10:00-20:00,09:00-15:00,,"Aqua-Tots Swim School in Fort Lauderdale provides year-round swimming lessons for kids of all ages, including swim lessons for babies and toddlers. Our world-renowned swimming instruction and ""safety first, fun every second"" approach features certified swim instructors, a family-friendly environment, and state-of-the-art facility with a cozy 90° pool. Aqua-Tots serves more than 150 communities worldwide and is trusted by parents to teach five million swim lessons every year. Since 1991, we've been committed to a legacy of safety; please visit our website to learn more about swim lessons for children at Aqua-Tots.",,,,,,,Yes,Yes,Yes,Yes,Yes,No,Yes,,,,,,,,,,,,Yes,,Yes,,Yes,,,,No,,Yes,,,,,,,,Yes,,https://www.aqua-tots.com/sign-up/?utm_source=GBP&utm_medium=Appointment&utm_campaign=Aqua-Tots%2520Swim%2520School%2520Fort%2520Lauderdale,https://www.facebook.com/AquaTotsFortLauderdale/,https://www.instagram.com/aquatotssfl/,,https://www.pinterest.com/aquatotsswimschool/,sms:+19546668288,,,,https://www.youtube.com/@aquatots,Text message (text_messaging),,No,Yes
Published,136,Aqua-Tots Swim School Ballantyne,11926 Providence Road West,,,,,,Charlotte,NC,US,28277,(704) 612-4646,,https://www.aqua-tots.com/ballantyne?utm_source=Google&utm_medium=Organic&utm_campaign=LocalSEO,Swimming school,"Swim club,Swimwear store,Swimming facility,Swimming instructor,Baby swimming school,Indoor swimming pool",08:30-14:00,12:00-20:00,12:00-20:00,12:00-20:00,12:00-20:00,09:00-20:00,08:00-13:30,2026-09-07: x,"Aqua-Tots Swim School in Charlotte provides year-round swimming lessons for kids of all ages, including swim lessons for babies and toddlers. Our world-renowned swimming instruction and 'safety first, fun every second' approach features certified swim instructors, a family-friendly environment, and state-of-the-art facility with a cozy 90° pool. Aqua-Tots serves more than 150 communities worldwide and is trusted by parents to teach five million swim lessons every year. Since 1991, we've been committed to a legacy of safety; please visit our website to learn more about swim lessons for children at Aqua-Tots.",,aqua-tots,+1 704-612-4646,,,,Yes,Yes,Yes,,Yes,,,,,,,,,,,,,,,,,,,,,,No,,Yes,,,,,,Yes,,Yes,Yes,https://www.aqua-tots.com/sign-up/?utm_source=GBP&utm_medium=Appointment&utm_campaign=Aqua-Tots%2520Swim%2520School%2520Ballantyne,https://www.facebook.com/AquaTotsBallantyne/,https://www.instagram.com/aquatotsballantyne/,,https://www.pinterest.com/aquatotsswimschool/,,,,,https://www.youtube.com/@aquatots,,Yes,No,Yes
Published,Mcallen-3,Aqua-Tots Swim School North McAllen,5800 North 10th Street,,,,,,McAllen,TX,US,78504,(956) 687-7946,,https://www.aqua-tots.com/north-mcallen/?utm_source=Google&utm_medium=Organic&utm_campaign=LocalSEO,Swimming school,"Swim club,Swimming pool,Swimwear store,Swimming facility,Swimming instructor,Baby swimming school",10:00-13:00,"09:00-13:00, 14:30-20:00","09:00-13:00, 14:30-20:00","09:00-13:00, 14:30-20:00","09:00-13:00, 14:30-20:00","09:00-13:00, 14:30-20:00",09:00-14:00,"2026-07-04: x, 2026-09-07: x","Aqua-Tots Swim School in Mcallen provides year-round swimming lessons for kids of all ages, including swim lessons for babies and toddlers. Our world-renowned swimming instruction and 'safety first, fun every second' approach features certified swim instructors, a family-friendly environment, and state-of-the-art facility with a cozy 90° pool. Aqua-Tots serves more than 150 communities worldwide and is trusted by parents to teach five million swim lessons every year. Since 1991, we've been committed to a legacy of safety; please visit our website to learn more about swim lessons for children at Aqua-Tots.",,aqua-tots,+1 956-687-7946,,,,Yes,Yes,Yes,,,,,,,,,,,,,,,,,,,,,,,,No,,Yes,,,,,,Yes,,Yes,Yes,https://www.aqua-tots.com/sign-up/?utm_source=GBP&utm_medium=Appointment&utm_campaign=Aqua-Tots%2520Swim%2520School%2520North%2520McAllen,https://www.facebook.com/AquaTotsMcAllen/,https://www.instagram.com/aquatots_mcallen/,,https://www.pinterest.com/aquatotsswimschool/,,https://www.tiktok.com/@aquatotsnorthmcallen,,,https://www.youtube.com/@aquatots,,,No,Yes
Published,117,Aqua-Tots Swim School Eagan,2115 Cliff Rd.,,,,,,Eagan,MN,US,55122,(651) 212-2144,,https://www.aqua-tots.com/eagan/?utm_source=Google&utm_medium=Organic&utm_campaign=LocalSEO,Swimming school,"Swim club,Swimming pool,Swimwear store,Swimming facility,Swimming instructor,Baby swimming school",08:45-15:00,09:00-20:00,09:00-20:00,09:00-20:00,09:00-20:00,09:00-20:00,08:45-15:00,"2026-07-04: x, 2026-07-05: x","Aqua-Tots Swim School in Eagan provides year-round swimming lessons for kids of all ages, including swim lessons for babies and toddlers. Our world-renowned swimming instruction and 'safety first, fun every second' approach features certified swim instructors, a family-friendly environment, and state-of-the-art facility with a cozy 90° pool. Aqua-Tots serves more than 150 communities worldwide and is trusted by parents to teach five million swim lessons every year. Since 1991, we've been committed to a legacy of safety; please visit our website to learn more about swim lessons for children at Aqua-Tots.",,aqua-tots,+1 651-212-2144,,,,Yes,Yes,Yes,,No,,,,,,,,,,,,,,,,,,,,,,No,,Yes,,,,,,Yes,,Yes,Yes,https://www.aqua-tots.com/sign-up/?utm_source=GBP&utm_medium=Appointment&utm_campaign=Aqua-Tots%2520Swim%2520School%2520Eagan,https://www.facebook.com/AquaTotsEagan/,https://www.instagram.com/aquatotseagan/,,https://www.pinterest.com/aquatotsswimschool/,,,,,https://www.youtube.com/@aquatots,,Yes,No,Yes
Published,Permanently Closed,Aqua-Tots Swim School,125 Cherokee Boulevard,,,,,,Chattanooga,TN,US,37405,,,,Swimming school,"Swim club,Swimming pool,Swimwear store,Swimming facility,Swimming instructor,Baby swimming school,Indoor swimming pool",13:00-18:00,09:00-20:00,08:00-20:00,09:00-20:00,09:00-20:00,09:00-20:00,08:30-15:00,"2024-07-04: x, 2024-07-05: x, 2024-07-06: x, 2024-07-07: x, 2024-09-02: x",,,aqua-tots,+1 423-702-4591,,,,Yes,Yes,Yes,,,,,,,,,,,,,Yes,,,Yes,,Yes,,,,,,No,,,,,,,,Yes,,Yes,,https://www.aqua-tots.com/sign-up/?utm_source=GBP&utm_medium=Appointment&utm_campaign=Aqua-Tots%2520Swim%2520School%2520Chattanooga%2520Downtown,https://www.facebook.com/AquaTotsChattanooga/,https://www.instagram.com/aquatotschattanooga/,,https://www.pinterest.com/aquatotsswimschool/,,,,,https://www.youtube.com/@aquatots,,,,Yes
Published,142,Aqua-Tots Swim School Corpus Christi,5702 South Staples Street,,,,,,Corpus Christi,TX,US,78413,(361) 993-7946,,https://www.aqua-tots.com/corpus-christi?utm_source=Google&utm_medium=Organic&utm_campaign=LocalSEO,Swimming school,"Swim club,Swimming pool,Swimwear store,Swimming facility,Swimming instructor,Baby swimming school",10:00-12:00,"09:00-13:00, 14:30-20:00","09:00-13:00, 14:30-20:00","09:00-13:00, 14:30-20:00","09:00-13:00, 14:30-20:00","09:00-13:00, 14:30-20:00",09:00-14:00,"2026-07-04: x, 2026-09-07: x","Aqua-Tots Swim School in Corpus Christi provides year-round swimming lessons for kids of all ages, including swim lessons for babies and toddlers. Our world-renowned swimming instruction and 'safety first, fun every second' approach features certified swim instructors, a family-friendly environment, and state-of-the-art facility with a cozy 90° pool. Aqua-Tots serves more than 150 communities worldwide and is trusted by parents to teach five million swim lessons every year. Since 1991, we've been committed to a legacy of safety; please visit our website to learn more about swim lessons for children at Aqua-Tots.",,aqua-tots,+1 361-993-7946,,,,Yes,Yes,,,,,,,,,,,,,,,,,,,,,,,,,No,,Yes,,,,,,Yes,,Yes,Yes,https://www.aqua-tots.com/sign-up/?utm_source=GBP&utm_medium=Appointment&utm_campaign=Aqua-Tots%2520Swim%2520School%2520Corpus%2520Christi,https://www.facebook.com/AquaTotsCorpusChristi/,https://www.instagram.com/aquatots_corpuschristi/,,https://www.pinterest.com/aquatotsswimschool/,,https://www.tiktok.com/@aquatots_corpuschristi,,,https://www.youtube.com/@aquatots,,,No,Yes
Published,278,Aqua Tots Swim School Holland,12610 Felch Street,,,,,,Holland,MI,US,49424,(616) 330-3830,,https://www.aqua-tots.com/holland/?utm_source=Google&utm_medium=Organic&utm_campaign=LocalSEO,Swimming school,Swimming instructor,09:00-12:00,10:00-20:00,10:00-20:00,10:00-14:00,10:00-20:00,10:00-20:00,09:00-14:00,"2025-11-27: x, 2025-12-24: x, 2025-12-25: x, 2025-12-26: 10:00-14:00, 2025-12-27: 10:00-14:00, 2025-12-28: 10:00-14:00, 2025-12-29: 10:00-14:00, 2025-12-30: 10:00-14:00, 2025-12-31: x, 2026-01-01: x","Aqua-Tots Swim School in Holland provides year-round swimming lessons for kids of all ages, including swim lessons for babies and toddlers. Our world-renowned swimming instruction and ""safety first, fun every second"" approach features certified swim instructors, a family-friendly environment, and state-of-the-art facility with a cozy 90° pool. Aqua-Tots serves more than 150 communities worldwide and is trusted by parents to teach five million swim lessons every year. Since 1991, we've been committed to a legacy of safety; please visit our website to learn more about swim lessons for children at Aqua-Tots.",,aqua-tots,,,,,Yes,Yes,Yes,Yes,,,Yes,,,,,,,,,,,,,,Yes,,,,,,No,,Yes,,,,,,Yes,,Yes,,https://www.aqua-tots.com/sign-up/?utm_source=GBP&utm_medium=Appointment&utm_campaign=Aqua%2520Tots%2520Swim%2520School%2520Holland,https://www.facebook.com/aquatotsholland/,https://www.instagram.com/aquatotswestmi/,,https://www.pinterest.com/aquatotsswimschool/,sms:+16163303830,,,,https://www.youtube.com/@AquaTotsWestMi,Text message (text_messaging),,No,Yes
Published,Orland Park,Aqua-Tots Swim School Orland Park,15565 S 94th Ave.,,,,,,Orland Park,IL,US,60462,(708) 918-4020,,https://www.aqua-tots.com/orland-park/?utm_source=Google&utm_medium=Organic&utm_campaign=LocalSEO,Swimming school,"Swim club,Swimming pool,Swimwear store,Swimming facility,Swimming instructor,Baby swimming school",,15:00-19:30,09:00-19:30,09:00-19:30,09:00-19:30,09:00-18:50,09:00-14:30,2026-07-04: x,"Aqua-Tots Swim School in Orland Park provides year-round swimming lessons for kids of all ages, including swim lessons for babies and toddlers. Our world-renowned swimming instruction and 'safety first, fun every second' approach features certified swim instructors, a family-friendly environment, and state-of-the-art facility with a cozy 90° pool. Aqua-Tots serves more than 150 communities worldwide and is trusted by parents to teach five million swim lessons every year. Since 1991, we've been committed to a legacy of safety; please visit our website to learn more about swim lessons for children at Aqua-Tots.",,aqua-tots,,,,,Yes,Yes,Yes,Yes,,,Yes,,,,,,,,,,,,,,,,,,,,No,,Yes,,,,,,Yes,,Yes,Yes,https://www.aqua-tots.com/sign-up/?utm_source=GBP&utm_medium=Appointment&utm_campaign=Aqua-Tots%2520Swim%2520School%2520Orland%2520Park,https://www.facebook.com/AquaTotsOrlandPark,https://www.instagram.com/aquatotsorlandpark/,,https://www.pinterest.com/aquatotsswimschool/,,https://www.tiktok.com/@aquatotsoc,,,https://www.youtube.com/@aquatots,,,No,Yes
Published,14256949665590785725,Aqua-Tots Swim School Île-Perrot,128-25 Boulevard Don-Quichotte,,,,,,L'Île-Perrot,QC,CA,J7V 7X4,(514) 446-3600,,https://www.aqua-tots.com/ile-perrot/?utm_source=Google&utm_medium=Organic&utm_campaign=LocalSEO,Swimming school,"Swim club,Swimming pool,Swimwear store,Swimming facility,Swimming instructor,Baby swimming school",08:30-14:00,,09:00-20:00,16:00-20:00,09:00-20:00,,08:30-14:00,,"Aqua-Tots Swim School in L'Île-Perrot provides year-round swimming lessons for kids of all ages, including swim lessons for babies and toddlers. Our world-renowned swimming instruction and “safety first, fun every second” approach features certified swim instructors, a family-friendly environment, and state-of-the-art facility with a cozy 32° pool. Aqua-Tots serves more than 150 communities worldwide and is trusted by parents to teach five million swim lessons every year. Since 1991, we’ve been committed to a legacy of safety; please visit our website to learn more about swim lessons for children at Aqua-Tots.",2026-06-16,,,,,,Yes,Yes,,,,,,,,,,[NOT APPLICABLE],[NOT APPLICABLE],[NOT APPLICABLE],[NOT APPLICABLE],[NOT APPLICABLE],[NOT APPLICABLE],[NOT APPLICABLE],,,,,,,,,No,,Yes,,,,,,Yes,,Yes,Yes,,https://www.facebook.com/AquaTotsIlePerrot/,https://www.instagram.com/aquatotsileperrot,,,,,,,,,,,Yes
Published,5993700000000000000,Aqua-Tots Swim School Hawaiian Gardens,12130 East Carson Street,,,,,,Hawaiian Gardens,CA,US,90716,(562) 888-6500,,https://www.aqua-tots.com/hawaiian-gardens/?utm_source=Google&utm_medium=Organic&utm_campaign=LocalSEO,Swimming school,"Swim club,Swimwear store,Swimming facility,Swimming instructor,Baby swimming school,Public swimming pool",09:00-14:00,11:00-19:30,10:00-19:30,10:00-19:30,11:00-19:30,10:00-15:00,09:00-15:00,"2026-09-05: x, 2026-09-06: x, 2026-09-07: x","Aqua-Tots Swim School in Hawaiian Gardens provides year-round swimming lessons for kids of all ages, including swim lessons for babies and toddlers. Our world-renowned swimming instruction and ""safety first, fun every second"" approach features certified swim instructors, a family-friendly environment, and state-of-the-art facility with a cozy 90° pool. Aqua-Tots serves more than 150 communities worldwide and is trusted by parents to teach five million swim lessons every year. Since 1991, we've been committed to a legacy of safety; please visit our website to learn more about swim lessons for children at Aqua-Tots.",,,,,,,Yes,Yes,,,,,,,,,,,,,,,,,,,,,,,Yes,,No,,Yes,,,,,,,,Yes,Yes,,https://www.facebook.com/AquaTotsHawaiianGardens/,https://www.instagram.com/aquatotsoc/,,,,https://www.tiktok.com/@aquatotsoc,,,,,,No,
Published,Oklahoma City,Aqua-Tots Swim School Oklahoma City,8405 North Rockwell Avenue,,,,,,Oklahoma City,OK,US,73132,(405) 721-1871,,https://www.aqua-tots.com/oklahoma-city?utm_source=Google&utm_medium=Organic&utm_campaign=LocalSEO,Swimming school,"Swim club,Swimming pool,Swimwear store,Swimming facility,Swimming instructor,Baby swimming school",,09:00-20:00,09:00-20:00,09:00-20:00,09:00-20:00,09:00-20:00,09:00-14:30,2026-09-07: x,"Aqua-Tots Swim School in Oklahoma City provides year-round swimming lessons for kids of all ages, including swim lessons for babies and toddlers. Our world-renowned swimming instruction and 'safety first, fun every second' approach features certified swim instructors, a family-friendly environment, and state-of-the-art facility with a cozy 90° pool. Aqua-Tots serves more than 150 communities worldwide and is trusted by parents to teach five million swim lessons every year. Since 1991, we've been committed to a legacy of safety; please visit our website to learn more about swim lessons for children at Aqua-Tots.",,aqua-tots,+1 405-721-1871,,,,Yes,Yes,Yes,,,,,,,,,,,,,,,,,,,,,,,,No,,Yes,,,,,,Yes,,Yes,Yes,https://www.aqua-tots.com/sign-up/?utm_source=GBP&utm_medium=Appointment&utm_campaign=Aqua-Tots%2520Swim%2520School%2520Oklahoma%2520City,https://www.facebook.com/AquaTotsOklahomaCity/,https://www.instagram.com/aquatots_okc/,,https://www.pinterest.com/aquatotsswimschool/,,,,,https://www.youtube.com/@aquatots,,,No,Yes
Published,182,Aqua-Tots Swim School Farmington Hills,31221 W. 14 Mile Rd.,,,,,,Farmington Hills,MI,US,48334,(248) 537-4004,,https://www.aqua-tots.com/farmington-hills/?utm_source=Google&utm_medium=Organic&utm_campaign=LocalSEO,Swimming school,"Swim club,Swimming pool,Swimwear store,Swimming facility,Swimming instructor,Baby swimming school",09:00-16:00,10:00-20:30,10:00-20:30,10:00-15:00,10:00-20:30,10:00-20:30,09:00-16:00,"2025-11-27: x, 2025-12-24: x, 2025-12-25: x, 2025-12-26: 10:00-14:00, 2025-12-27: 10:00-14:00, 2025-12-28: 10:00-14:00, 2025-12-29: 10:00-14:00, 2025-12-30: 10:00-14:00, 2025-12-31: x, 2026-01-01: x","Aqua-Tots Swim School in Farmington Hills provides year-round swimming lessons for kids of all ages, including swim lessons for babies and toddlers. Our world-renowned swimming instruction and 'safety first, fun every second' approach features certified swim instructors, a family-friendly environment, and state-of-the-art facility with a cozy 90° pool. Aqua-Tots serves more than 150 communities worldwide and is trusted by parents to teach five million swim lessons every year. Since 1991, we've been committed to a legacy of safety; please visit our website to learn more about swim lessons for children at Aqua-Tots.",,aqua-tots,+1 248-537-4004,,,,Yes,Yes,,,,,,,,,,,,,,,,,Yes,,,,,,,,No,,Yes,,,,,,Yes,,Yes,Yes,https://www.aqua-tots.com/sign-up/?utm_source=GBP&utm_medium=Appointment&utm_campaign=Aqua-Tots%2520Swim%2520School%2520Farmington%2520Hills,https://www.facebook.com/AquaTotsFarmingtonHills/,https://www.instagram.com/aquatotsmi/,,https://www.pinterest.com/aquatotsswimschool/,sms:+12485374004,https://www.tiktok.com/@aquatotsmi,,,https://www.youtube.com/channel/UCvKVHB54fl4jpx2Y4M9t1ZA,Text message (text_messaging),Yes,No,Yes
Published,Toms River,Aqua-Tots Swim School Toms River,1358 Hooper Avenue,,,,,,Toms River,NJ,US,08753,(732) 917-4743,,https://www.aqua-tots.com/toms-river/?utm_source=Google&utm_medium=Organic&utm_campaign=LocalSEO,Swimming school,"Swim club,Swimming pool,Swimwear store,Swimming facility,Swimming instructor,Baby swimming school,Public swimming pool",08:30-13:30,08:30-20:00,15:30-20:00,08:30-20:00,08:30-20:00,08:30-13:30,08:30-13:30,,"Aqua-Tots Swim School in Toms River provides year-round swimming lessons for kids of all ages, including swim lessons for babies and toddlers. Our world-renowned swimming instruction and 'safety first, fun every second' approach features certified swim instructors, a family-friendly environment, and state-of-the-art facility with a cozy 90° pool. Aqua-Tots serves more than 150 communities worldwide and is trusted by parents to teach five million swim lessons every year. Since 1991, we've been committed to a legacy of safety; please visit our website to learn more about swim lessons for children at Aqua-Tots.",,aqua-tots,,,,,Yes,Yes,Yes,Yes,,,Yes,,,,,,,,,,,,,,Yes,,,,,,No,,Yes,,,,,,,,Yes,Yes,https://www.aqua-tots.com/sign-up/?utm_source=GBP&utm_medium=Appointment&utm_campaign=Aqua-Tots%2520Swim%2520School%2520Toms%2520River,https://www.facebook.com/AquaTotsTomsRiver/,https://www.instagram.com/aquatotstomsriver/,,https://www.pinterest.com/aquatotsswimschool/,,https://www.tiktok.com/@aquatotstomsriver,,,https://www.youtube.com/channel/UCvKVHB54fl4jpx2Y4M9t1ZA,Text message (text_messaging),,No,Yes
Published,208-2,Aqua-Tots Swim School Davie,11510 W. State Rd. 84,,,,,,Davie,FL,US,33325,(786) 785-1717,,https://www.aqua-tots.com/davie/?utm_source=Google&utm_medium=Organic&utm_campaign=LocalSEO,Swimming school,"Swim club,Swimming pool,Swimming facility,Swimming instructor,Baby swimming school",09:00-15:00,10:00-20:00,10:00-20:00,09:30-14:00,10:00-20:00,09:30-20:00,09:00-15:00,"2026-06-29: 10:00-14:00, 2026-06-30: 10:00-14:00, 2026-07-01: 10:00-14:00, 2026-07-02: 10:00-14:00, 2026-07-03: 10:00-14:00, 2026-07-04: x, 2026-07-05: 09:00-15:00","Aqua-Tots Swim School in Davie provides year-round swimming lessons for kids of all ages, including swim lessons for babies and toddlers. Our world-renowned swimming instruction and 'safety first, fun every second' approach features certified swim instructors, a family-friendly environment, and state-of-the-art facility with a cozy 90° pool. Aqua-Tots serves more than 150 communities worldwide and is trusted by parents to teach five million swim lessons every year. Since 1991, we've been committed to a legacy of safety; please visit our website to learn more about swim lessons for children at Aqua-Tots.",,aqua-tots,(786) 785-1717,,,,Yes,Yes,Yes,Yes,,,,,,,,,,,,,,,Yes,,,,,,,,No,,Yes,,,,,,Yes,,Yes,Yes,https://www.aqua-tots.com/sign-up/?utm_source=GBP&utm_medium=Appointment&utm_campaign=Aqua-Tots%2520Swim%2520School%2520Davie,https://www.facebook.com/AquaTotsDavie/,https://www.instagram.com/aquatotsflorida/,,https://www.pinterest.com/aquatotsswimschool/,,https://www.tiktok.com/@aquatotsdavie,,,https://www.youtube.com/channel/UCvKVHB54fl4jpx2Y4M9t1ZA,,,Yes,Yes
Published,Frisco-2,Aqua-Tots Swim School West Frisco,5530 Farm to Market Road 423,,,,,,Frisco,TX,US,75034,(469) 209-6400,,https://www.aqua-tots.com/west-frisco/?utm_source=Google&utm_medium=Organic&utm_campaign=LocalSEO,Swimming school,"Swim club,Swimming pool,Swimwear store,Swimming instructor,Baby swimming school",,09:00-20:00,09:00-20:00,09:00-20:00,09:00-20:00,09:00-20:00,09:00-14:00,2026-09-07: x,"Aqua-Tots Swim School in Frisco provides year-round swimming lessons for kids of all ages, including swim lessons for babies and toddlers. Our world-renowned swimming instruction and 'safety first, fun every second' approach features certified swim instructors, a family-friendly environment, and state-of-the-art facility with a cozy 90° pool. Aqua-Tots serves more than 150 communities worldwide and is trusted by parents to teach five million swim lessons every year. Since 1991, we've been committed to a legacy of safety; please visit our website to learn more about swim lessons for children at Aqua-Tots.",,aqua-tots,(469) 209-8001,,,,Yes,Yes,Yes,,,,,,,,,,,,,,,,,,,,,,,,No,,Yes,,,,,,Yes,,Yes,Yes,https://www.aqua-tots.com/sign-up/?utm_source=GBP&utm_medium=Appointment&utm_campaign=Aqua-Tots%2520Swim%2520School%2520West%2520Frisco,https://www.facebook.com/AquaTotsWestFrisco/,https://www.instagram.com/aquatots_westfrisco/,,https://www.pinterest.com/aquatotsswimschool/,,,,,https://www.youtube.com/@aquatots,,,No,Yes
Published,100-1,Aqua-Tots Swim School Glendale,18295 North 83rd Avenue,,,,,,Glendale,AZ,US,85308,(623) 376-6554,,https://www.aqua-tots.com/glendale/?utm_source=google&utm_medium=organic&utm_campaign=local-seo,Swimming school,"Swim club,Swimming pool,Swimwear store,Swimming facility,Swimming instructor,Baby swimming school,Indoor swimming pool",09:00-16:30,09:00-20:00,15:00-20:00,15:00-20:00,09:00-20:00,15:00-20:30,09:00-14:30,"2026-09-05: x, 2026-09-06: x, 2026-09-07: x","Aqua-Tots Swim School in Glendale provides year-round swimming lessons for kids of all ages, including swim lessons for babies and toddlers. Our world-renowned swimming instruction and 'safety first, fun every second' approach features certified swim instructors, a family-friendly environment, and state-of-the-art facility with a cozy 90° pool. Aqua-Tots serves more than 150 communities worldwide and is trusted by parents to teach five million swim lessons every year. Since 1991, we've been committed to a legacy of safety; please visit our website to learn more about swim lessons for children at Aqua-Tots.",,aqua-tots,+1 623-376-6554,,,,Yes,Yes,,,,,,,,,,,,,,,,,,,,,Yes,,,,No,,Yes,,,,,,Yes,,Yes,Yes,https://www.aqua-tots.com/sign-up/?utm_source=GBP&utm_medium=Appointment&utm_campaign=Aqua-Tots%2520Swim%2520School%2520Glendale,https://www.facebook.com/AquaTotsGlendale/,https://www.instagram.com/aquatotspeoria/,,https://www.pinterest.com/aquatotsswimschool/,,https://www.tiktok.com/@aquatotsglendaleaz,,,https://www.youtube.com/@aquatots,,,No,Yes
Published,La Mesa,Aqua-Tots Swim School La Mesa,5628 Lake Murray Blvd.,,,,,,La Mesa,CA,US,91942,(619) 745-6100,,https://www.aqua-tots.com/la-mesa/?utm_source=Google&utm_medium=Organic&utm_campaign=LocalSEO,Swimming school,"Swim club,Swimming pool,Swimwear store,Swimming facility,Swimming instructor,Baby swimming school,Public swimming pool",08:30-15:00,10:00-20:00,09:00-20:00,09:00-20:00,10:00-20:00,09:00-17:30,08:30-15:00,,"Aqua-Tots Swim School in La Mesa provides year-round swimming lessons for kids of all ages, including swim lessons for babies and toddlers. Our world-renowned swimming instruction and ""safety first, fun every second"" approach features certified swim instructors, a family-friendly environment, and state-of-the-art facility with a cozy 90° pool. Aqua-Tots serves more than 150 communities worldwide and is trusted by parents to teach five million swim lessons every year. Since 1991, we've been committed to a legacy of safety; please visit our website to learn more about swim lessons for children at Aqua-Tots.",,aqua-tots,,,,,Yes,Yes,,,,,Yes,,,,,,,,,,,,Yes,,Yes,,Yes,,Yes,,No,,Yes,,,,,,,,Yes,Yes,https://www.aqua-tots.com/sign-up/?utm_source=GBP&utm_medium=Appointment&utm_campaign=Aqua-Tots%2520Swim%2520School%2520La%2520Mesa,https://www.facebook.com/aquatotslamesa/,https://www.instagram.com/aquatotssandiego/,,https://www.pinterest.com/aquatotsswimschool/,,,,,https://www.youtube.com/channel/UCvKVHB54fl4jpx2Y4M9t1ZA,,,No,Yes
